Id,Category,Title,Keyword,Location,Search_Word,Save_url
1960306,beach,금능해수욕장,"#금능해변, #제주도금능해변, #금능, #해변, #제주도",제주특별자치도,제주특별자치도 금능해수욕장,beach/1960306.jpg
2496990,beach,협재해수욕장,"#협재해수욕장, #제주특별자치도제주시, #제주도, #바다, #바닷가, #해안, #해변, #비양도",제주특별자치도 제주시 한림읍,제주특별자치도 제주시 한림읍 협재해수욕장,beach/2496990.jpg
2617569,beach,속초해수욕장,"#속초해수욕장, #강원도속초시, #속초해변, #동해바다, #바닷가",강원도 속초시 조양동,강원도 속초시 조양동 속초해수욕장,beach/2617569.jpg
2505597,beach,우전해수욕장,"#우전해수욕장, #전라남도신안군, #우전해변, #슬로시티, #바다, #파라솔, #선배드",전라남도 신안군 증도면,전라남도 신안군 증도면 우전해수욕장,beach/2505597.jpg
1840450,beach,용화해변,"#삼척용화해수욕장, #용화해변",강원도 삼척시 근덕면 용화리,강원도 삼척시 근덕면 용화리 용화해변,beach/1840450.jpg
1944220,beach,목포대교,"#목포대교, #전남목포대교, #대교, #목포, #전라남도목포시, #전라남도목포시",전라남도 목포시,전라남도 목포시 목포대교,beach/1944220.jpg
1882934,beach,천리포해수욕장,"#천리포해수욕장, #천리포해변, #일몰, #충청남도태안군, #충청남도태안군",충청남도 태안군 소원면,충청남도 태안군 소원면 천리포해수욕장,beach/1882934.jpg
1578656,beach,용산 한강철교,"#서울전경, #도시, #빌딩, #한강, #유람선, #한강철교, #한강대교, #노들섬",서울특별시 용산구 이촌동,서울특별시 용산구 이촌동 용산 한강철교,beach/1578656.jpg
1188430,beach,영진해변,"#영진해변, #모래사장",강원도 강릉시,강원도 강릉시 영진해변,beach/1188430.jpg
2617290,beach,고성통일전망타워,"#고성통일전망타워, #강원도고성군, #DMZ관광, #DMZ투어, #안보관광지, #고성통일전망대, #바다",강원도 고성군 현내면,강원도 고성군 현내면 고성통일전망타워,beach/2617290.jpg
1805537,beach,우도등대,"#제주도, #우도등대",제주특별자치도 제주시 우도면 연평리,제주특별자치도 제주시 우도면 연평리 우도등대,beach/1805537.jpg
1826697,beach,백령도,#백령도,인천광역시 옹진군 백령면 북포리,인천광역시 옹진군 백령면 북포리 백령도,beach/1826697.jpg
1188430,beach,영진해변,"#영진해변, #모래사장",강원도 강릉시,강원도 강릉시 영진해변,beach/1188430.jpg
1841317,beach,완도,"#완도일출, #완도타워",전라남도 완도군 완도읍 장좌리,전라남도 완도군 완도읍 장좌리 완도,beach/1841317.jpg
2704729,beach,대왕암공원,"#대왕암공원야경, #울산광역시동구, #산책로, #산책길, #테마공원, #울산12경, #울산십이경, #야간관광",울산광역시 동구 일산동,울산광역시 동구 일산동 대왕암공원,beach/2704729.jpg
2496990,beach,협재해수욕장,"#협재해수욕장, #제주특별자치도제주시, #제주도, #바다, #바닷가, #해안, #해변, #비양도",제주특별자치도 제주시 한림읍,제주특별자치도 제주시 한림읍 협재해수욕장,beach/2496990.jpg
2505597,beach,우전해수욕장,"#우전해수욕장, #전라남도신안군, #우전해변, #슬로시티, #바다, #파라솔, #선배드",전라남도 신안군 증도면,전라남도 신안군 증도면 우전해수욕장,beach/2505597.jpg
2456119,beach,백도해변,"#백도해수욕장, #강원도고성군, #모래, #바닷가, #바다, #등대, #방파제",강원도 고성군 죽왕면,강원도 고성군 죽왕면 백도해변,beach/2456119.jpg
2504241,beach,월영교,"#월영교의아침물안개, #경상북도안동시, #나무다리, #목교, #월영정, #정자, #안동호",경상북도 안동시 석주로,경상북도 안동시 석주로 월영교,beach/2504241.jpg
2009187,beach,곽지해수욕장,"#곽지과물해변, #제주도해변, #해수욕장, #백사장, #제주도, #바다, #여름, #곽지해수욕장",제주특별자치도 제주시 애월읍,제주특별자치도 제주시 애월읍 곽지해수욕장,beach/2009187.jpg
1944220,beach,목포대교,"#목포대교, #전남목포대교, #대교, #목포, #전라남도목포시, #전라남도목포시",전라남도 목포시,전라남도 목포시 목포대교,beach/1944220.jpg
1188430,beach,영진해변,"#영진해변, #모래사장",강원도 강릉시,강원도 강릉시 영진해변,beach/1188430.jpg
1494815,beach,만성리검은모래해변,"#만성리해수욕장, #만성리검은모래해변",전라남도 여수시,전라남도 여수시 만성리검은모래해변,beach/1494815.jpg
1826697,beach,백령도,#백령도,인천광역시 옹진군 백령면 북포리,인천광역시 옹진군 백령면 북포리 백령도,beach/1826697.jpg
2705592,beach,비양도 캠핑장,"#백패킹, #대한민국, #한국, #제주도, #레저, #우도캠핑, #비양도캠핑, #비양동캠핑, #텐트, #야간캠핑",제주특별자치도 제주시 우도면 연평리,제주특별자치도 제주시 우도면 연평리 비양도 캠핑장,beach/2705592.jpg
2620242,beach,도담삼봉,"#여명, #충청북도단양군, #도담삼봉, #명승제44호, #단양8경, #단양팔경, #기암괴석, #남한강, #경승지, #삼도정, #정자",충청북도 단양군 매포읍,충청북도 단양군 매포읍 도담삼봉,beach/2620242.jpg
1940235,beach,월정리카페거리,"#월정리해변, #월정리해변카페거리, #제주도카페거리, #카페거리, #제주도, #카페",제주특별자치도,제주특별자치도 월정리카페거리,beach/1940235.jpg
2563851,beach,함덕해수욕장,"#바닷가의추억, #제주특별자치도제주시, #제주도, #함덕서우봉해변, #함덕해수욕장, #함덕해변, #바다",제주특별자치도 제주시 조천읍,제주특별자치도 제주시 조천읍 함덕해수욕장,beach/2563851.jpg
2360072,beach,경포해변,"#경포일출, #강원도, #강릉시, #경포해변, #바다, #일출",강원도 강릉시,강원도 강릉시 경포해변,beach/2360072.jpg
1799477,beach,강릉항,#강릉항일출,강원도 강릉시 견소동,강원도 강릉시 견소동 강릉항,beach/1799477.jpg
1249128,beach,구조라항,"#구조라항, #바다, #어촌",경상남도 거제시,경상남도 거제시 구조라항,beach/1249128.jpg
2504321,beach,진도 신비의바닷길,"#바닷길열리는날, #전라남도진도군, #진도신비의바닷길, #바다, #갯벌",전라남도 진도군 고군면,전라남도 진도군 고군면 진도 신비의바닷길,beach/2504321.jpg
2617564,beach,속초항국제크루즈터미널,"#속초항국제크루즈터미널, #강원도속초시, #배, #항구, #동해바다, #교통시설, #드론촬영, #드론사진, #항공촬영",강원도 속초시 청호동,강원도 속초시 청호동 속초항국제크루즈터미널,beach/2617564.jpg
1578656,beach,용산 한강철교,"#서울전경, #도시, #빌딩, #한강, #유람선, #한강철교, #한강대교, #노들섬",서울특별시 용산구 이촌동,서울특별시 용산구 이촌동 용산 한강철교,beach/1578656.jpg
1944220,beach,목포대교,"#목포대교, #전남목포대교, #대교, #목포, #전라남도목포시, #전라남도목포시",전라남도 목포시,전라남도 목포시 목포대교,beach/1944220.jpg
2463815,beach,학동흑진주몽돌해변,"#학동흑진주몽돌해변, #경상남도거제시, #학동몽돌해변, #함부로애틋하게, #바다, #바닷가",경상남도 거제시 동부면,경상남도 거제시 동부면 학동흑진주몽돌해변,beach/2463815.jpg
1840450,beach,용화해변,"#삼척용화해수욕장, #용화해변",강원도 삼척시 근덕면 용화리,강원도 삼척시 근덕면 용화리 용화해변,beach/1840450.jpg
1852283,beach,오시아노해변,"#해남화원관광단지, #해남오시아노관광단지, #해남오시아노해수욕장, #블랑코비치해변",전라남도 해남군 화원면 화봉리,전라남도 해남군 화원면 화봉리 오시아노해변,beach/1852283.jpg
1960306,beach,금능해수욕장,"#금능해변, #제주도금능해변, #금능, #해변, #제주도",제주특별자치도,제주특별자치도 금능해수욕장,beach/1960306.jpg
1940235,beach,월정리카페거리,"#월정리해변, #월정리해변카페거리, #제주도카페거리, #카페거리, #제주도, #카페",제주특별자치도,제주특별자치도 월정리카페거리,beach/1940235.jpg
2477992,beach,장항스카이워크,"#장항스카이워크, #충청남도서천군, #기벌포해전전망대, #바다",충청남도 서천군 장항읍,충청남도 서천군 장항읍 장항스카이워크,beach/2477992.jpg
1798980,beach,안목해변,"#안목해변일출, #안목해수욕장",강원도 강릉시,강원도 강릉시 안목해변,beach/1798980.jpg
2673806,beach,고하도 전망대,"#고하도전망대, #전라남도목포시, #목포전망대, #꼰대인턴촬영지, #드라마촬영지, #목포해상케이블카",전라남도 목포시 달동,전라남도 목포시 달동 고하도 전망대,beach/2673806.jpg
2626705,beach,만리포해수욕장,"#만리포해수욕장, #충청남도태안군, #만리포해변, #서해바다, #바닷가, #슬로시티, #드론촬영, #드론사진, #항공촬영",충청남도 태안군 소원면,충청남도 태안군 소원면 만리포해수욕장,beach/2626705.jpg
1544729,beach,명파해변,"#명파해변, #해수욕장, #모래사장, #바다",강원도 고성군 현내면,강원도 고성군 현내면 명파해변,beach/1544729.jpg
1960306,beach,금능해수욕장,"#금능해변, #제주도금능해변, #금능, #해변, #제주도",제주특별자치도,제주특별자치도 금능해수욕장,beach/1960306.jpg
1939310,beach,제주김녕해수욕장,"#제주김녕해수욕장야영장, #김녕해수욕장, #김녕해수욕장야영장, #김녕해수욕장캠핑장, #김녕야영장, #캠핑, #제주도",제주특별자치도,제주특별자치도 제주김녕해수욕장,beach/1939310.jpg
2025420,beach,한반도섬 전망대,"#한반도섬전망대, #강원도, #양구, #전망대, #한반도섬, #파로호인공습지, #인공습지, #전경",강원도 양구군,강원도 양구군 한반도섬 전망대,beach/2025420.jpg
1960874,beach,욕지도,"#욕지도, #통영욕지도, #통영, #경상남도통영시, #경상남도통영시",경상남도 통영시,경상남도 통영시 욕지도,beach/1960874.jpg
2531020,beach,밧개해수욕장,"#밧개해수욕장, #충청남도태안군, #밧개해변, #서해바다, #바닷가",충청남도 태안군 안면읍,충청남도 태안군 안면읍 밧개해수욕장,beach/2531020.jpg
2504238,mountain,보성녹차밭,"#神仙의茶園, #전라남도보성군, #대한다원, #대한1다원, #대한다원1농장, #보성녹차밭, #대한다업, #운무",전라남도 보성군 보성읍,전라남도 보성군 보성읍 보성녹차밭,mountain/2504238.jpg
2761893,mountain,다랑쉬오름,"#다랑쉬오름의아침, #제주특별자치도제주시, #제주도, #월랑봉, #분화구, #제주오름, #화산섬, #기생화산, #아끈다랑쉬오름",제주특별자치도 제주시,제주특별자치도 제주시 다랑쉬오름,mountain/2761893.jpg
2504233,mountain,북한산,"#북한산일출, #서울특별시은평구, #명승제10호, #삼각산, #북한산국립공원, #텐트",서울특별시 은평구,서울특별시 은평구 북한산,mountain/2504233.jpg
2541130,mountain,와온해변,"#와온해변일몰, #전라남도순천시, #와온마을일몰, #서해바다, #석양, #낙조, #솔섬, #소나무숲, #송림, #솔숲, #갯벌, #펄, #뻘",전라남도 순천시 해룡면,전라남도 순천시 해룡면 와온해변,mountain/2541130.jpg
2620292,mountain,아리힐스리조트 스카이워크전망대,"#컬러풀스카이워크, #강원도정선군정선읍, #정선병방치스카이워크, #가을, #추경, #단풍, #아리힐스, #동강, #한반도지형, #명승제75호, #자연유산",강원도 정선군 정선읍,강원도 정선군 정선읍 아리힐스리조트 스카이워크전망대,mountain/2620292.jpg
2761893,mountain,다랑쉬오름,"#다랑쉬오름의아침, #제주특별자치도제주시, #제주도, #월랑봉, #분화구, #제주오름, #화산섬, #기생화산, #아끈다랑쉬오름",제주특별자치도 제주시,제주특별자치도 제주시 다랑쉬오름,mountain/2761893.jpg
2541130,mountain,와온해변,"#와온해변일몰, #전라남도순천시, #와온마을일몰, #서해바다, #석양, #낙조, #솔섬, #소나무숲, #송림, #솔숲, #갯벌, #펄, #뻘",전라남도 순천시 해룡면,전라남도 순천시 해룡면 와온해변,mountain/2541130.jpg
2504238,mountain,보성녹차밭,"#神仙의茶園, #전라남도보성군, #대한다원, #대한1다원, #대한다원1농장, #보성녹차밭, #대한다업, #운무",전라남도 보성군 보성읍,전라남도 보성군 보성읍 보성녹차밭,mountain/2504238.jpg
2563900,mountain,마이산,"#불타는마이산, #전라북도진안군",전라북도 진안군 진안읍,전라북도 진안군 진안읍 마이산,mountain/2563900.jpg
2760974,mountain,황매산,"#동틀무렵황매산철쭉, #경상남도합천군, #황매산군립공원, #봄, #꽃",경상남도 합천군,경상남도 합천군 황매산,mountain/2760974.jpg
1414194,mountain,소백산,"#소백산의겨울, #소백산국립공원, #눈, #설경",경상북도 영주시,경상북도 영주시 소백산국립공원,mountain/1414194.jpg
1925441,mountain,완도항,"#완도국제해조류박람회, #해조류, #박람회, #완도행사장, #국제슬로시티홍보관, #전라남도완도, #전라남도완도",전라남도 완도군,전라남도 완도군 완도항,mountain/1925441.jpg
2760973,mountain,남한강,"#끓어오르는남한강, #충청북도충주시, #눈, #설경, #겨울, #물안개",충청북도 충주시,충청북도 충주시 남한강,mountain/2760973.jpg
1746272,mountain,월출산,"#월출산설경, #겨울, #눈",전라남도 영암군 영암읍,전라남도 영암군 영암읍 월출산,mountain/1746272.jpg
2761002,mountain,구봉산,"#구봉산의아침, #전라북도진안군, #진안8경, #진안팔경, #운무",전라북도 진안군 주천면,전라북도 진안군 주천면 구봉산,mountain/2761002.jpg
2620326,mountain,안반데기,"#안반데기의아침, #강원도강릉시, #안반덕배추마을, #배추밭, #풍력발전기, #드론촬영, #드론사진, #항공촬영",강원도 강릉시 왕산면,강원도 강릉시 왕산면 안반데기,mountain/2620326.jpg
2761952,mountain,구봉산,"#붉게물든구봉, #전라북도진안군, #구봉산, #봉우리, #바위, #단풍, #추경",전라북도 진안군,전라북도 진안군 구봉산,mountain/2761952.jpg
2504332,mountain,낙안읍성민속마을,"#전통의아름다움, #전라남도순천시, #낙안읍성민속마을, #사적제302호, #낙안민속마을, #전통마을, #초가집, #운무",전라남도 순천시 낙안면,전라남도 순천시 낙안면 낙안읍성민속마을,mountain/2504332.jpg
2504238,mountain,보성녹차밭,"#神仙의茶園, #전라남도보성군, #대한다원, #대한1다원, #대한다원1농장, #보성녹차밭, #대한다업, #운무",전라남도 보성군 보성읍,전라남도 보성군 보성읍 보성녹차밭,mountain/2504238.jpg
2761893,mountain,다랑쉬오름,"#다랑쉬오름의아침, #제주특별자치도제주시, #제주도, #월랑봉, #분화구, #제주오름, #화산섬, #기생화산, #아끈다랑쉬오름",제주특별자치도 제주시,제주특별자치도 제주시 다랑쉬오름,mountain/2761893.jpg
2761952,mountain,구봉산,"#붉게물든구봉, #전라북도진안군, #구봉산, #봉우리, #바위, #단풍, #추경",전라북도 진안군,전라북도 진안군 구봉산,mountain/2761952.jpg
2504247,mountain,대둔산도립공원,"#아름다운우리강산, #충청남도금산군, #대둔산도립공원, #일출, #능선, #산등성이, #운무, #운해",충청남도 금산군,충청남도 금산군 대둔산도립공원,mountain/2504247.jpg
2504332,mountain,낙안읍성민속마을,"#전통의아름다움, #전라남도순천시, #낙안읍성민속마을, #사적제302호, #낙안민속마을, #전통마을, #초가집, #운무",전라남도 순천시 낙안면,전라남도 순천시 낙안면 낙안읍성민속마을,mountain/2504332.jpg
2620353,mountain,설악산국립공원,"#용아장성의아침, #강원도인제군, #설악산국립공원, #산등성이, #능선, #자연",강원도 인제군,강원도 인제군 설악산국립공원,mountain/2620353.jpg
2761893,mountain,다랑쉬오름,"#다랑쉬오름의아침, #제주특별자치도제주시, #제주도, #월랑봉, #분화구, #제주오름, #화산섬, #기생화산, #아끈다랑쉬오름",제주특별자치도 제주시,제주특별자치도 제주시 다랑쉬오름,mountain/2761893.jpg
2761002,mountain,구봉산,"#구봉산의아침, #전라북도진안군, #진안8경, #진안팔경, #운무",전라북도 진안군 주천면,전라북도 진안군 주천면 구봉산,mountain/2761002.jpg
2620326,mountain,안반데기,"#안반데기의아침, #강원도강릉시, #안반덕배추마을, #배추밭, #풍력발전기, #드론촬영, #드론사진, #항공촬영",강원도 강릉시 왕산면,강원도 강릉시 왕산면 안반데기,mountain/2620326.jpg
2761832,mountain,용담호,"#용담호의단풍안개, #전라북도진안군, #물안개, #신정교, #저수지, #반영, #추경",전라북도 진안군 용담면,전라북도 진안군 용담면 용담호,mountain/2761832.jpg
1763419,mountain,다랭이마을,"#남해가천다랭이마을, #가천마을, #다랑이마을, #1박2일, #다랭이논, #다랑이논",경상남도 남해군 남면,경상남도 남해군 남면 다랭이마을,mountain/1763419.jpg
2504252,mountain,감악산 출렁다리,"#감악산출렁다리의아침, #경기도파주시, #산악현수교, #다리, #겨울, #설경, #눈",경기도 파주시 적성면,경기도 파주시 적성면 감악산 출렁다리,mountain/2504252.jpg
2504332,mountain,낙안읍성민속마을,"#전통의아름다움, #전라남도순천시, #낙안읍성민속마을, #사적제302호, #낙안민속마을, #전통마을, #초가집, #운무",전라남도 순천시 낙안면,전라남도 순천시 낙안면 낙안읍성민속마을,mountain/2504332.jpg
2593194,mountain,삽슬봉,"#삽슬봉(아이스크림고지), #강원도철원군, #DMZ관광, #DMZ투어, #안보관광지, #삽송봉고지",강원도 철원군 동송읍,강원도 철원군 동송읍 삽슬봉,mountain/2593194.jpg
2761952,mountain,구봉산,"#붉게물든구봉, #전라북도진안군, #구봉산, #봉우리, #바위, #단풍, #추경",전라북도 진안군,전라북도 진안군 구봉산,mountain/2761952.jpg
1944796,mountain,보성녹차밭,"#보성녹차밭, #보성다원, #녹차밭, #녹차, #보성, #보성녹차, #다원, #녹차밭길, #전라남도보성군, #전라남도보성군
#보성다원, #녹차밭, #녹차, #대한다원, #녹차밭길",전라남도 보성군,전라남도 보성군 보성녹차밭,mountain/1944796.jpg
2620326,mountain,안반데기,"#안반데기의아침, #강원도강릉시, #안반덕배추마을, #배추밭, #풍력발전기, #드론촬영, #드론사진, #항공촬영",강원도 강릉시 왕산면,강원도 강릉시 왕산면 안반데기,mountain/2620326.jpg
2525864,mountain,대관령 전경,"#대관령전경, #강원도평창군, #대관령양떼목장, #초원, #풍력발전기, #가을, #단풍, #추경, #드론촬영, #드론사진, #항공촬영",강원도 평창군 대관령면,강원도 평창군 대관령면 대관령 ,mountain/2525864.jpg
2762030,mountain,삼양목장,"#목장의설경, #강원도평창군, #대관령삼양목장, #눈, #소나무",강원도 평창군 대관령면,강원도 평창군 대관령면 삼양목장,mountain/2762030.jpg
1925441,mountain,완도항,"#완도국제해조류박람회, #해조류, #박람회, #완도행사장, #국제슬로시티홍보관, #전라남도완도, #전라남도완도",전라남도 완도군,전라남도 완도군 완도항,mountain/1925441.jpg
2504226,mountain,월류봉,"#구름이머물다간월류봉, #충청북도영동군, #한천팔경, #정자, #운무",충청북도 영동군 황간면,충청북도 영동군 황간면 월류봉,mountain/2504226.jpg
2651747,mountain,부용대,"#부용대, #경상북도안동시, #절벽, #기암괴석",경상북도 안동시 풍천면,경상북도 안동시 풍천면 부용대,mountain/2651747.jpg
2504238,mountain,보성녹차밭,"#神仙의茶園, #전라남도보성군, #대한다원, #대한1다원, #대한다원1농장, #보성녹차밭, #대한다업, #운무",전라남도 보성군 보성읍,전라남도 보성군 보성읍 보성녹차밭,mountain/2504238.jpg
2504332,mountain,낙안읍성민속마을,"#전통의아름다움, #전라남도순천시, #낙안읍성민속마을, #사적제302호, #낙안민속마을, #전통마을, #초가집, #운무",전라남도 순천시 낙안면,전라남도 순천시 낙안면 낙안읍성민속마을,mountain/2504332.jpg
2593194,mountain,삽슬봉,"#삽슬봉(아이스크림고지), #강원도철원군, #DMZ관광, #DMZ투어, #안보관광지, #삽송봉고지",강원도 철원군 동송읍,강원도 철원군 동송읍 삽슬봉,mountain/2593194.jpg
2761952,mountain,구봉산,"#붉게물든구봉, #전라북도진안군, #구봉산, #봉우리, #바위, #단풍, #추경",전라북도 진안군,전라북도 진안군 구봉산,mountain/2761952.jpg
2620326,mountain,안반데기,"#안반데기의아침, #강원도강릉시, #안반덕배추마을, #배추밭, #풍력발전기, #드론촬영, #드론사진, #항공촬영",강원도 강릉시 왕산면,강원도 강릉시 왕산면 안반데기,mountain/2620326.jpg
2563900,mountain,마이산,"#불타는마이산, #전라북도진안군",전라북도 진안군 진안읍,전라북도 진안군 진안읍 마이산,mountain/2563900.jpg
2504285,mountain,새별오름,"#새별오름에서보는제주의석양, #제주특별자치도제주시, #제주도, #제주오름, #일출, #일몰",제주특별자치도 제주시 애월읍,제주특별자치도 제주시 애월읍 새별오름,mountain/2504285.jpg
2504233,mountain,북한산,"#북한산일출, #서울특별시은평구, #명승제10호, #삼각산, #북한산국립공원, #텐트",서울특별시 은평구,서울특별시 은평구 북한산,mountain/2504233.jpg
2760735,mountain,덕룡산,"#덕룡산의진달래, #전라남도강진군, #참꽃, #봄, #일출, #해돋이",전라남도 강진군 도암면,전라남도 강진군 도암면 덕룡산,mountain/2760735.jpg
2504238,mountain,보성녹차밭,"#神仙의茶園, #전라남도보성군, #대한다원, #대한1다원, #대한다원1농장, #보성녹차밭, #대한다업, #운무",전라남도 보성군 보성읍,전라남도 보성군 보성읍 보성녹차밭,mountain/2504238.jpg
2761863,park,황룡강생태공원,"#해바라기만발한정원, #전라남도장성군, #황룡강생태공원, #꽃, #하늘, #자연, #오두막, #포토존",전라남도 장성군,전라남도 장성군 황룡강생태공원,park/2761863.jpg
1836325,park,밀양아리랑대공원,#밀양대공원,경상남도 밀양시 교동,경상남도 밀양시 교동 밀양아리랑대공원,park/1836325.jpg
2563921,park,강주해바라기마을,"#강주마을해바라기길, #경상남도함안군, #강주마을, #강주해바라기마을",경상남도 함안군 법수면,경상남도 함안군 법수면 강주해바라기마을,park/2563921.jpg
2760960,park,다산문화공원,"#가을숲의아침, #경상북도고령군, #다산문화공원, #좌학은행나무숲, #가을, #추경, #단풍, #드론촬영, #드론사진, #항공촬영",경상북도 고령군 다산면,경상북도 고령군 다산면 다산문화공원,park/2760960.jpg
2610179,park,오라동 청보리,"#오라동청보리밭, #제주특별자치도제주시, #제주도전경",제주특별자치도 제주시 오라동,제주특별자치도 제주시 오라동 오라동 청보리,park/2610179.jpg
1836325,park,밀양아리랑대공원,#밀양대공원,경상남도 밀양시 교동,경상남도 밀양시 교동 밀양아리랑대공원,park/1836325.jpg
2504224,park,보성녹차밭,"#보성다원의빛, #전라남도보성군, #대한다원, #대한1다원, #대한다원1농장, #보성녹차밭, #대한다업",전라남도 보성군 보성읍,전라남도 보성군 보성읍 보성녹차밭,park/2504224.jpg
2760960,park,다산문화공원,"#가을숲의아침, #경상북도고령군, #다산문화공원, #좌학은행나무숲, #가을, #추경, #단풍, #드론촬영, #드론사진, #항공촬영",경상북도 고령군 다산면,경상북도 고령군 다산면 다산문화공원,park/2760960.jpg
2442830,park,신성리갈대밭,"#신성리갈대밭, #충청남도서천군, #공동경비구역JSA",충청남도 서천군 한산면,충청남도 서천군 한산면 신성리갈대밭,park/2442830.jpg
2761863,park,황룡강생태공원,"#해바라기만발한정원, #전라남도장성군, #황룡강생태공원, #꽃, #하늘, #자연, #오두막, #포토존",전라남도 장성군,전라남도 장성군 황룡강생태공원,park/2761863.jpg
1022713,park,악양슬로시티,"#악양면평사리들판, #부부송, #청보리밭, #슬로시티, #농촌풍경",경상남도 하동군 악양면,경상남도 하동군 악양면 악양슬로시티,park/1022713.jpg
2760715,park,비밀의 정원,"#가을과겨울의비밀의정원, #강원도인제군, #추경, #단풍",강원도 인제군 남면,강원도 인제군 남면 비밀의 정원,park/2760715.jpg
2007947,park,낙안읍성민속마을,"#낙안읍성민속마을, #낙안읍성, #낙안민속마을, #순천민속마을, #전통마을, #순천, #초가집, #전통가옥, #농촌풍경, #금전산",전라남도 순천시,전라남도 순천시 낙안읍성민속마을,park/2007947.jpg
2761863,park,황룡강생태공원,"#해바라기만발한정원, #전라남도장성군, #황룡강생태공원, #꽃, #하늘, #자연, #오두막, #포토존",전라남도 장성군,전라남도 장성군 황룡강생태공원,park/2761863.jpg
2610179,park,오라동 청보리,"#오라동청보리밭, #제주특별자치도제주시, #제주도전경",제주특별자치도 제주시 오라동,제주특별자치도 제주시 오라동 오라동 청보리,park/2610179.jpg
1022713,park,악양슬로시티,"#악양면평사리들판, #부부송, #청보리밭, #슬로시티, #농촌풍경",경상남도 하동군 악양면,경상남도 하동군 악양면 악양슬로시티,park/1022713.jpg
2761905,park,글렌코,"#핑크뮬리와나홀로나무, #제주특별자치도제주시, #글렌코, #포토존",제주특별자치도 제주시 구좌읍,제주특별자치도 제주시 구좌읍 글렌코,park/2761905.jpg
2647876,park,황매산,"#황매산, #경상남도합천군, #황매산군립공원, #억새밭, #가을, #추경, #드론촬영, #드론사진, #항공촬영",경상남도 합천군,경상남도 합천군 황매산,park/2647876.jpg
1746381,park,만항재,"#만항재설경, #겨울, #숲, #눈",강원도 정선군 고한읍 고한리,강원도 정선군 고한읍 고한리 만항재,park/1746381.jpg
1835246,park,낙동강생태학습관,#안동낙동강생태학습관,경상북도 안동시 남후면 단호리,경상북도 안동시 남후면 단호리 낙동강생태학습관,park/1835246.jpg
1022713,park,악양슬로시티,"#악양면평사리들판, #부부송, #청보리밭, #슬로시티, #농촌풍경",경상남도 하동군 악양면,경상남도 하동군 악양면 악양슬로시티,park/1022713.jpg
2610179,park,오라동 청보리,"#오라동청보리밭, #제주특별자치도제주시, #제주도전경",제주특별자치도 제주시 오라동,제주특별자치도 제주시 오라동 오라동 청보리,park/2610179.jpg
2028899,park,대관령하늘목장,"#하늘목장, #강원도, #대관령, #평창, #강원도, #목장, #여름, #트렉터마차, #트랙터, #풍력발전기",강원도 평창군,강원도 평창군 대관령하늘목장,park/2028899.jpg
2761863,park,황룡강생태공원,"#해바라기만발한정원, #전라남도장성군, #황룡강생태공원, #꽃, #하늘, #자연, #오두막, #포토존",전라남도 장성군,전라남도 장성군 황룡강생태공원,park/2761863.jpg
1834744,park,마애솔숲공원,"#안동마애솔숲문화공원, #마애솔숲유원지",경상북도 안동시 풍산읍,경상북도 안동시 풍산읍 마애솔숲공원,park/1834744.jpg
2760995,park,전라남도 산림자원연구소,"#빛내림속의모녀, #전라남도나주시, #전라남도산림자원연구소, #메타세쿼이아길, #메타세콰이어길, #가로수길, #산책로, #산책길, #가을, #추경, #단풍",전라남도 나주시 산포면,전라남도 나주시 산포면 전라남도 산림자원연구소,park/2760995.jpg
1283887,park,성이시돌목장,"#성이시돌목장, #파라다이스목장촬영지",제주특별자치도 한림읍,제주특별자치도 한림읍 성이시돌목장,park/1283887.jpg
2760757,park,독립기념관,"#가을아침, #충청남도천안시, #독립기념관, #단풍나무숲길, #가을, #추경",충청남도 천안시 동남구,충청남도 천안시 동남구 독립기념관,park/2760757.jpg
2504225,park,모래재 메타세콰이어길,"#모래재의오월, #전라북도진안군, #메타세쿼이아길, #메타세콰이어길, #가로수길, #자전거, #라이딩",전라북도 진안군,전라북도 진안군 모래재 메타세콰이어길,park/2504225.jpg
1058247,park,금오산,#금오산메타세콰이어길,경상북도 구미시 남통동,경상북도 구미시 남통동 금오산,park/1058247.jpg
1022713,park,악양슬로시티,"#악양면평사리들판, #부부송, #청보리밭, #슬로시티, #농촌풍경",경상남도 하동군 악양면,경상남도 하동군 악양면 악양슬로시티,park/1022713.jpg
2760955,park,친수공원,"#친수공원의유채꽃, #충청북도옥천군, #금암친수공원, #유채꽃밭, #봄",충청북도 옥천군 동이면,충청북도 옥천군 동이면 친수공원,park/2760955.jpg
1812112,park,고창청보리밭축제,"#고창청보리밭축제, #청보리, #FIT",전라북도 고창군 공음면,전라북도 고창군 공음면 고창청보리밭축제,park/1812112.jpg
2761720,park,올림픽공원,"#여름의추억을담는연인, #서울특별시송파구, #올림픽공원, #잔디밭, #포토존",서울특별시 송파구,서울특별시 송파구 올림픽공원,park/2761720.jpg
2610179,park,오라동 청보리,"#오라동청보리밭, #제주특별자치도제주시, #제주도전경",제주특별자치도 제주시 오라동,제주특별자치도 제주시 오라동 오라동 청보리,park/2610179.jpg
2761015,park,가산수피아,"#핑크뮬리일몰, #경상북도칠곡군, #가산수피아, #정원, #식물원",경상북도 칠곡군 가산면,경상북도 칠곡군 가산면 가산수피아,park/2761015.jpg
2707477,park,태화강 국가정원,"#보랏빛아침, #울산광역시중구, #태화강국가정원, #생태관광지, #생태공원, #라벤더, #꽃",울산광역시 중구 태화동,울산광역시 중구 태화동 태화강 국가정원,park/2707477.jpg
1127433,park,백담계곡,"#내설악백담사계곡, #백담골, #추경, #가을, #단풍, #돌탑",강원도 인제군,강원도 인제군 백담계곡,park/1127433.jpg
1835246,park,낙동강생태학습관,#안동낙동강생태학습관,경상북도 안동시 남후면 단호리,경상북도 안동시 남후면 단호리 낙동강생태학습관,park/1835246.jpg
1862760,park,올레길 17코스,"#제주올레길, #제주도, #올레17코스",제주특별자치도,제주특별자치도 올레길 17코스,park/1862760.jpg
2563898,park,정서진 노을종,"#정서진노을, #인천광역시서구, #정서진일몰",인천광역시 서구 오류동,인천광역시 서구 오류동 정서진 노을종,park/2563898.jpg
1058247,park,금오산,#금오산메타세콰이어길,경상북도 구미시 남통동,경상북도 구미시 남통동 금오산,park/1058247.jpg
2504225,park,모래재 메타세콰이어길,"#모래재의오월, #전라북도진안군, #메타세쿼이아길, #메타세콰이어길, #가로수길, #자전거, #라이딩",전라북도 진안군,전라북도 진안군 모래재 메타세콰이어길,park/2504225.jpg
2760995,park,전라남도 산림자원연구소,"#빛내림속의모녀, #전라남도나주시, #전라남도산림자원연구소, #메타세쿼이아길, #메타세콰이어길, #가로수길, #산책로, #산책길, #가을, #추경, #단풍",전라남도 나주시 산포면,전라남도 나주시 산포면 전라남도 산림자원연구소,park/2760995.jpg
2541226,park,국립횡성숲체원,"#국립횡성숲체원가을, #강원도횡성군, #휴양림, #숲, #추경, #단풍",강원도 횡성군 둔내면,강원도 횡성군 둔내면 국립횡성숲체원,park/2541226.jpg
1058247,park,금오산,#금오산메타세콰이어길,경상북도 구미시 남통동,경상북도 구미시 남통동 금오산,park/1058247.jpg
2760757,park,독립기념관,"#가을아침, #충청남도천안시, #독립기념관, #단풍나무숲길, #가을, #추경",충청남도 천안시 동남구,충청남도 천안시 동남구 독립기념관,park/2760757.jpg
2620263,park,보성녹차밭,"#봄의왈츠, #전라남도보성군, #대한다원, #보성다원, #대한2다원, #대한다원2농장, #보성녹차밭, #대한다업",전라남도 보성군 보성읍,전라남도 보성군 보성읍 보성녹차밭,park/2620263.jpg
1691557,park,강릉 송정해변,"#강릉송정해수욕장, #솔숲, #소나무, #송정해변",강원도 강릉시 송정동,강원도 강릉시 송정동 강릉 송정해변,park/1691557.jpg
2760995,park,전라남도 산림자원연구소,"#빛내림속의모녀, #전라남도나주시, #전라남도산림자원연구소, #메타세쿼이아길, #메타세콰이어길, #가로수길, #산책로, #산책길, #가을, #추경, #단풍",전라남도 나주시 산포면,전라남도 나주시 산포면 전라남도 산림자원연구소,park/2760995.jpg
1879360,sky,영금정,"#영금정일출, #정자, #강원도속초시, #강원도속초시",강원도 속초시,강원도 속초시 영금정,sky/1879360.jpg
2029185,sky,황매산군립공원,"#한국의은하수, #경상남도, #합천, #황매산군립공원, #밤하늘, #야경, #은하수, #별",경상남도 합천군,경상남도 합천군 황매산군립공원,sky/2029185.jpg
2504335,sky,영일대해수욕장,"#포항불빛축제, #경상북도포항시, #포항국제불빛축제, #영일대해수욕장, #영일만, #불꽃축제, #포항야경",경상북도 포항시 북구,경상북도 포항시 북구 영일대해수욕장,sky/2504335.jpg
2504322,sky,사천비행장,"#블랙이글즈에어쇼, #경상남도사천시, #사천항공우주엑스포, #사천비행장",경상남도 사천시 사천읍,경상남도 사천시 사천읍 사천비행장,sky/2504322.jpg
2504327,sky,솔섬의 은하수,"#솔섬의은하수, #전라북도부안군, #밤하늘, #별, #야경",전라북도 부안군 변산면,전라북도 부안군 변산면 솔섬,sky/2504327.jpg
2762153,sky,지리산,"#지리산의겨울, #경상남도함양군, #지리산국립공원, #눈꽃, #설경, #나뭇가지",경상남도 함양군 마천면,경상남도 함양군 마천면 지리산,sky/2762153.jpg
2505589,sky,증도갯벌생태공원,"#증도갯벌, #전라남도신안군, #연안습지, #습지보호지역, #슬로시티, #펄, #뻘",전라남도 신안군 증도면,전라남도 신안군 증도면 증도갯벌생태공원,sky/2505589.jpg
2361193,sky,정동진,"#정동진, #해수욕장, #바다, #강원도, #강릉시",강원도 강릉시,강원도 강릉시 정동진,sky/2361193.jpg
2523037,sky,위도,"#위도, #전라북도부안군, #섬, #바다, #일몰, #닭이봉",전라북도 부안군,전라북도 부안군 위도,sky/2523037.jpg
2513247,sky,경주남산,"#경주전경, #경상북도경주시, #경주남산전경, #경주시전경",경상북도 경주시,경상북도 경주시 경주남산,sky/2513247.jpg
2504318,sky,월영교,"#구름위를거닐다, #경상북도안동시, #월영교, #나무다리, #목교, #월영정, #정자, #안동호",경상북도 안동시 석주로,경상북도 안동시 석주로 월영교,sky/2504318.jpg
2504283,sky,덕유산 국립공원,"#아름다운한국의설경, #전라북도무주군, #덕유산국립공원, #운무, #운해, #겨울, #설경, #눈",전라북도 무주군 설천면,전라북도 무주군 설천면 덕유산 국립공원,sky/2504283.jpg
2762153,sky,지리산,"#지리산의겨울, #경상남도함양군, #지리산국립공원, #눈꽃, #설경, #나뭇가지",경상남도 함양군 마천면,경상남도 함양군 마천면 지리산,sky/2762153.jpg
2022043,sky,익산 교도소 세트장,"#익산교도소세트장, #교도소세트장, #익산, #교도소, #감옥, #교도소촬영장, #홀리데이촬영장, #영화촬영지, #드라마촬영지",전라북도 익산시,전라북도 익산시 익산 교도소 세트장,sky/2022043.jpg
2762039,sky,팔공산,"#팔공산의눈꽃, #대구광역시동구, #설경, #나뭇가지",대구광역시 동구,대구광역시 동구 팔공산,sky/2762039.jpg
2762153,sky,지리산,"#지리산의겨울, #경상남도함양군, #지리산국립공원, #눈꽃, #설경, #나뭇가지",경상남도 함양군 마천면,경상남도 함양군 마천면 지리산,sky/2762153.jpg
2505589,sky,증도갯벌생태공원,"#증도갯벌, #전라남도신안군, #연안습지, #습지보호지역, #슬로시티, #펄, #뻘",전라남도 신안군 증도면,전라남도 신안군 증도면 증도갯벌생태공원,sky/2505589.jpg
2762039,sky,팔공산,"#팔공산의눈꽃, #대구광역시동구, #설경, #나뭇가지",대구광역시 동구,대구광역시 동구 팔공산,sky/2762039.jpg
2022043,sky,익산 교도소 세트장,"#익산교도소세트장, #교도소세트장, #익산, #교도소, #감옥, #교도소촬영장, #홀리데이촬영장, #영화촬영지, #드라마촬영지",전라북도 익산시,전라북도 익산시 익산 교도소 세트장,sky/2022043.jpg
2504322,sky,사천비행장,"#블랙이글즈에어쇼, #경상남도사천시, #사천항공우주엑스포, #사천비행장",경상남도 사천시 사천읍,경상남도 사천시 사천읍 사천비행장,sky/2504322.jpg
2504313,sky,소래습지생태공원,"#소래의아침, #인천광역시남동구, #소래습지생태공원, #풍차, #일출",인천광역시 남동구,인천광역시 남동구 소래습지생태공원,sky/2504313.jpg
2620300,sky,산방산,"#산방산의아침, #제주특별자치도서귀포시, #제주도, #화산섬",제주특별자치도 서귀포시 안덕면,제주특별자치도 서귀포시 안덕면 산방산,sky/2620300.jpg
2563750,sky,신창풍차해안도로,"#해를먹는물고기, #제주특별자치도제주시, #제주도, #신창풍차해안도로일몰, #석양",제주특별자치도 제주시 한경면,제주특별자치도 제주시 한경면 신창풍차해안도로,sky/2563750.jpg
1879360,sky,영금정,"#영금정일출, #정자, #강원도속초시, #강원도속초시",강원도 속초시,강원도 속초시 영금정,sky/1879360.jpg
1674160,sky,고군산군도,"#고군산군도, #섬, #바다, #낙조, #일몰",전라북도 군산시 옥도면 선유도리,전라북도 군산시 옥도면 선유도리 고군산군도,sky/1674160.jpg
2762153,sky,지리산,"#지리산의겨울, #경상남도함양군, #지리산국립공원, #눈꽃, #설경, #나뭇가지",경상남도 함양군 마천면,경상남도 함양군 마천면 지리산,sky/2762153.jpg
2505589,sky,증도갯벌생태공원,"#증도갯벌, #전라남도신안군, #연안습지, #습지보호지역, #슬로시티, #펄, #뻘",전라남도 신안군 증도면,전라남도 신안군 증도면 증도갯벌생태공원,sky/2505589.jpg
2022043,sky,익산 교도소 세트장,"#익산교도소세트장, #교도소세트장, #익산, #교도소, #감옥, #교도소촬영장, #홀리데이촬영장, #영화촬영지, #드라마촬영지",전라북도 익산시,전라북도 익산시 익산 교도소 세트장,sky/2022043.jpg
2762039,sky,팔공산,"#팔공산의눈꽃, #대구광역시동구, #설경, #나뭇가지",대구광역시 동구,대구광역시 동구 팔공산,sky/2762039.jpg
2361193,sky,정동진,"#정동진, #해수욕장, #바다, #강원도, #강릉시",강원도 강릉시,강원도 강릉시 정동진,sky/2361193.jpg
2761614,sky,한라산,"#늦은봄의한라산, #제주특별자치도제주시, #한라산국립공원, #유네스코세계자연유산, #유네스코세계유산, #제주도국가지질공원, #화산섬, #한라산백록담, #호수, #눈, #비행기",제주특별자치도 제주시,제주특별자치도 제주시 한라산,sky/2761614.jpg
2550027,sky,영산강,"#영산강유채꽃대향연, #전라남도나주시, #영산강둔치체육공원, #나주유채꽃축제",전라남도 나주시,전라남도 나주시 영산강,sky/2550027.jpg
2022043,sky,익산 교도소 세트장,"#익산교도소세트장, #교도소세트장, #익산, #교도소, #감옥, #교도소촬영장, #홀리데이촬영장, #영화촬영지, #드라마촬영지",전라북도 익산시,전라북도 익산시 익산 교도소 세트장,sky/2022043.jpg
2761795,sky,하늬라벤더팜,"#고성하늬라벤더팜, #강원도고성군, #고성라벤더, #허브, #하늘, #꽃밭, #정원, #공원, #구름",강원도 고성군 간성읍,강원도 고성군 간성읍 하늬라벤더팜,sky/2761795.jpg
1961757,sky,소매물도등대,"#소매물도등대, #소매물도, #등대, #통영, #경상남도통영시, #경상남도통영시",경상남도 통영시,경상남도 통영시 소매물도등대,sky/1961757.jpg
2620300,sky,산방산,"#산방산의아침, #제주특별자치도서귀포시, #제주도, #화산섬",제주특별자치도 서귀포시 안덕면,제주특별자치도 서귀포시 안덕면 산방산,sky/2620300.jpg
2504313,sky,소래습지생태공원,"#소래의아침, #인천광역시남동구, #소래습지생태공원, #풍차, #일출",인천광역시 남동구,인천광역시 남동구 소래습지생태공원,sky/2504313.jpg
1879360,sky,영금정,"#영금정일출, #정자, #강원도속초시, #강원도속초시",강원도 속초시,강원도 속초시 영금정,sky/1879360.jpg
2504291,sky,대천패러글라이딩,"#무논여행, #충청남도보령시, #패러글라이딩, #페러글라이딩, #항공스포츠, #레포츠",충청남도 보령시,충청남도 보령시 대천패러글라이딩,sky/2504291.jpg
2761803,sky,양방산,"#가을위를날다, #충청북도단양군, #양방산, #전망대, #페러글라이딩, #단풍, #갈대, #하늘, #스포츠, #레포츠",충청북도 단양군 단양읍,충청북도 단양군 단양읍 양방산,sky/2761803.jpg
2504313,sky,소래습지생태공원,"#소래의아침, #인천광역시남동구, #소래습지생태공원, #풍차, #일출",인천광역시 남동구,인천광역시 남동구 소래습지생태공원,sky/2504313.jpg
2504291,sky,대천패러글라이딩,"#무논여행, #충청남도보령시, #패러글라이딩, #페러글라이딩, #항공스포츠, #레포츠",충청남도 보령시,충청남도 보령시 대천패러글라이딩,sky/2504291.jpg
1879360,sky,영금정,"#영금정일출, #정자, #강원도속초시, #강원도속초시",강원도 속초시,강원도 속초시 영금정,sky/1879360.jpg
2620300,sky,산방산,"#산방산의아침, #제주특별자치도서귀포시, #제주도, #화산섬",제주특별자치도 서귀포시 안덕면,제주특별자치도 서귀포시 안덕면 산방산,sky/2620300.jpg
2647357,sky,채석강,"#채석강, #전라북도부안군, #명승제13호, #일몰, #바위, #절벽, #바다, #바닷가, #해안",전라북도 부안군 변산면,전라북도 부안군 변산면 채석강,sky/2647357.jpg
2505589,sky,증도갯벌생태공원,"#증도갯벌, #전라남도신안군, #연안습지, #습지보호지역, #슬로시티, #펄, #뻘",전라남도 신안군 증도면,전라남도 신안군 증도면 증도갯벌생태공원,sky/2505589.jpg
2762153,sky,지리산,"#지리산의겨울, #경상남도함양군, #지리산국립공원, #눈꽃, #설경, #나뭇가지",경상남도 함양군 마천면,경상남도 함양군 마천면 지리산,sky/2762153.jpg
2361193,sky,정동진,"#정동진, #해수욕장, #바다, #강원도, #강릉시",강원도 강릉시,강원도 강릉시 정동진,sky/2361193.jpg
2022043,sky,익산 교도소 세트장,"#익산교도소세트장, #교도소세트장, #익산, #교도소, #감옥, #교도소촬영장, #홀리데이촬영장, #영화촬영지, #드라마촬영지",전라북도 익산시,전라북도 익산시 익산 교도소 세트장,sky/2022043.jpg
2523037,sky,위도,"#위도, #전라북도부안군, #섬, #바다, #일몰, #닭이봉",전라북도 부안군,전라북도 부안군 위도,sky/2523037.jpg
1914044,lake,광양 섬진강,"#섬진강, #섬진강변, #전라남도광양시, #전라남도광양시",전라남도 광양시 진월면 송금리,전라남도 광양시 진월면 송금리 섬진강,lake/1914044.jpg
1827967,lake,노화도,#노화도,전라남도 완도군 노화읍 구석리,전라남도 완도군 노화읍 구석리 노화도,lake/1827967.jpg
1142948,lake,암정교,"#암정교, #DMZ, #안보관광",강원도 철원군,강원도 철원군 암정교,lake/1142948.jpg
1821351,lake,직탕폭포,#철원직탕폭포,강원도 철원군 동송읍 장흥리,강원도 철원군 동송읍 장흥리 직탕폭포,lake/1821351.jpg
1993260,lake,사양제,"#마이산사양제, #사양제, #마이산저수지, #전북마이산, #마이산반영포인트, #진안여행",전라북도 진안군,전라북도 진안군 사양제,lake/1993260.jpg
2592893,lake,임진강주상절리,"#임진강주상절리, #경기도연천군, #DMZ관광, #DMZ투어, #안보관광지, #동이리주상절리, #한탄강지질공원",경기도 연천군 미산면,경기도 연천군 미산면 임진강주상절리,lake/2592893.jpg
1914044,lake,광양 섬진강,"#섬진강, #섬진강변, #전라남도광양시, #전라남도광양시",전라남도 광양시 진월면 송금리,전라남도 광양시 진월면 송금리 섬진강,lake/1914044.jpg
2492758,lake,화엄사 계곡,"#화엄사계곡, #전라남도구례군",전라남도 구례군 마산면,전라남도 구례군 마산면 화엄사 계곡,lake/2492758.jpg
2563916,lake,동궁과 월지,"#동궁과월지의일몰, #경상북도경주시, #동궁과월지야경, #사적제18호, #경주역사유적지구, #유네스코세계문화유산, #유네스코세계유산, #임해전지, #안압지야경, #연못",경상북도 경주시 인왕동,경상북도 경주시 인왕동 동궁과 월지,lake/2563916.jpg
1746178,lake,거창 덕천서원,"#덕천서원의봄, #벚꽃, #연못",경상남도 거창군 거창읍,경상남도 거창군 거창읍 거창 덕천서원,lake/1746178.jpg
2760714,lake,위양지,"#추색의위양지, #경상남도밀양시, #위양못, #양양지, #저수지, #밀양완재정, #가을, #추경, #단풍",경상남도 밀양시 부북면,경상남도 밀양시 부북면 위양지,lake/2760714.jpg
2563888,lake,수주팔봉,"#수주팔봉의밤, #충청북도충주시, #달천강, #충주야경",충청북도 충주시 살미면,충청북도 충주시 살미면 수주팔봉,lake/2563888.jpg
2760743,lake,완재정,"#완재정의가을아침, #경상남도밀양시, #위양못, #양양지, #저수지, #밀양완재정, #가을, #추경, #단풍",경상남도 밀양시 부북면,경상남도 밀양시 부북면 완재정,lake/2760743.jpg
2620329,lake,궁남지,"#궁남지의일몰, #충청남도부여군, #사적제135호, #궁남지야경, #연못, #서동공원, #포룡정, #정자",충청남도 부여군 부여읍,충청남도 부여군 부여읍 궁남지,lake/2620329.jpg
2504294,lake,세량제,"#물안개피던날, #전라남도화순군, #세량지, #저수지, #산벚꽃, #반영",전라남도 화순군 화순읍,전라남도 화순군 화순읍 세량제,lake/2504294.jpg
1832483,lake,해피700활공장,"#평창장암산패러글라이딩, #레포츠",강원도 평창군 평창읍 여만리,강원도 평창군 평창읍 여만리 해피700활공장,lake/1832483.jpg
1962151,lake,문의문화재단지,"#문의문화재단지, #청주, #충청북도청주시",충청북도 청주시,충청북도 청주시 상당구 문의문화재단지,lake/1962151.jpg
1814711,lake,양화대교,"#한강, #양화대교",서울특별시 마포구 합정동,서울특별시 마포구 합정동 양화대교,lake/1814711.jpg
1636312,lake,여수항,"#여수항, #어촌, #바다, #여객선",전라남도 여수시,전라남도 여수시 여수항,lake/1636312.jpg
1132053,lake,현포항,"#울릉도현포항, #바다, #울릉도풍경",경상북도 울릉도,경상북도 울릉도 현포항,lake/1132053.jpg
1914044,lake,광양 섬진강,"#섬진강, #섬진강변, #전라남도광양시, #전라남도광양시",전라남도 광양시 진월면 송금리,전라남도 광양시 진월면 송금리 섬진강,lake/1914044.jpg
1768752,lake,경인아라뱃길,#경인아라뱃길,인천광역시 계양구 선주지동,인천광역시 계양구 선주지동 경인아라뱃길,lake/1768752.jpg
2761856,lake,우포늪,"#우포의아침, #경상남도창녕군, #나룻배, #노을, #반영, #호수, #물안개, #생태관광",경상남도 창녕군 유어면,경상남도 창녕군 유어면 우포늪,lake/2761856.jpg
1746178,lake,거창 덕천서원,"#덕천서원의봄, #벚꽃, #연못",경상남도 거창군 거창읍,경상남도 거창군 거창읍 거창 덕천서원,lake/1746178.jpg
1827967,lake,노화도,#노화도,전라남도 완도군 노화읍 구석리,전라남도 완도군 노화읍 구석리 노화도,lake/1827967.jpg
1961911,lake,동궁과 월지,"#경주동궁과월지, #설경, #동궁과월지설경, #임해전지, #안압지, #경주, #겨울, #궁궐터, #경상북도경주시, #경상북도경주시, #경북경주시",경상북도 경주시,경상북도 경주시 동궁과 월지,lake/1961911.jpg
1827967,lake,노화도,#노화도,전라남도 완도군 노화읍 구석리,전라남도 완도군 노화읍 구석리 노화도,lake/1827967.jpg
1142948,lake,암정교,"#암정교, #DMZ, #안보관광",강원도 철원군,강원도 철원군 암정교,lake/1142948.jpg
2761479,lake,반곡지,"#반곡지의봄, #경상북도경산시, #호수, #저수지, #왕버들나무, #반영",경상북도 경산시 남산면,경상북도 경산시 남산면 반곡지,lake/2761479.jpg
1914044,lake,광양 섬진강,"#섬진강, #섬진강변, #전라남도광양시, #전라남도광양시",전라남도 광양시 진월면 송금리,전라남도 광양시 진월면 송금리 섬진강,lake/1914044.jpg
1914044,lake,광양 섬진강,"#섬진강, #섬진강변, #전라남도광양시, #전라남도광양시",전라남도 광양시 진월면 송금리,전라남도 광양시 진월면 송금리 섬진강,lake/1914044.jpg
2504236,lake,일일레저타운,"#배롱꽃여인, #전라남도순천시, #일일레져타운, #배롱나무, #구름다리, #오두막, #호수, #물안개",전라남도 순천시 송광면,전라남도 순천시 송광면 일일레저타운,lake/2504236.jpg
1961911,lake,동궁과 월지,"#경주동궁과월지, #설경, #동궁과월지설경, #임해전지, #안압지, #경주, #겨울, #궁궐터, #경상북도경주시, #경상북도경주시, #경북경주시",경상북도 경주시,경상북도 경주시 동궁과 월지,lake/1961911.jpg
2029105,lake,동궁과 월지,"#대상, #겨울동화속동궁과월지, #경상북도, #경주, #동궁, #월지, #겨울, #눈, #야경, #사적지, #사적제18호, #신라시대",경상북도 경주시,경상북도 경주시 동궁과 월지,lake/2029105.jpg
2761479,lake,반곡지,"#반곡지의봄, #경상북도경산시, #호수, #저수지, #왕버들나무, #반영",경상북도 경산시 남산면,경상북도 경산시 남산면 반곡지,lake/2761479.jpg
2504236,lake,일일레저타운,"#배롱꽃여인, #전라남도순천시, #일일레져타운, #배롱나무, #구름다리, #오두막, #호수, #물안개",전라남도 순천시 송광면,전라남도 순천시 송광면 일일레저타운,lake/2504236.jpg
1633424,lake,창원해양공원,"#창원해양공원, #군함전시관",경상남도 창원시 진해구,경상남도 창원시 진해구 창원해양공원,lake/1633424.jpg
2761479,lake,반곡지,"#반곡지의봄, #경상북도경산시, #호수, #저수지, #왕버들나무, #반영",경상북도 경산시 남산면,경상북도 경산시 남산면 반곡지,lake/2761479.jpg
1827967,lake,노화도,#노화도,전라남도 완도군 노화읍 구석리,전라남도 완도군 노화읍 구석리 노화도,lake/1827967.jpg
2029197,lake,소양강,"#상고대속으로, #강원도, #춘천, #소양강, #수빙, #안개, #구름, #설경, #눈, #겨울, #자연풍경, #나무서리",강원도 춘천시,강원도 춘천시 소양강,lake/2029197.jpg
2492758,lake,화엄사 계곡,"#화엄사계곡, #전라남도구례군",전라남도 구례군 마산면,전라남도 구례군 마산면 화엄사 계곡,lake/2492758.jpg
2592893,lake,임진강주상절리,"#임진강주상절리, #경기도연천군, #DMZ관광, #DMZ투어, #안보관광지, #동이리주상절리, #한탄강지질공원",경기도 연천군 미산면,경기도 연천군 미산면 임진강주상절리,lake/2592893.jpg
2760964,lake,세량제,"#세량지의봄, #전라남도화순군, #저수지, #산벚꽃, #반영, #물안개",전라남도 화순군 화순읍,전라남도 화순군 화순읍 세량제,lake/2760964.jpg
2592916,lake,차탄천 에움길,"#차탄천에움길, #경기도연천군, #DMZ관광, #DMZ투어, #안보관광지, #차탄천주상절리, #한탄강지질공원, #트레킹, #트래킹",경기도 연천군 연천읍,경기도 연천군 연천읍 차탄천 에움길,lake/2592916.jpg
2026276,lake,남창계곡,"#남창계곡, #전라남도, #장성, #계곡, #여름, #자연, #다리",전라남도 장성군,전라남도 장성군 남창계곡,lake/2026276.jpg
1961911,lake,동궁과 월지,"#경주동궁과월지, #설경, #동궁과월지설경, #임해전지, #안압지, #경주, #겨울, #궁궐터, #경상북도경주시, #경상북도경주시, #경북경주시",경상북도 경주시,경상북도 경주시 동궁과 월지,lake/1961911.jpg
1805947,lake,부산국제크루즈터미널,"#부산크루즈, #크리스탈크루즈, #국제크루즈터미널",부산광역시 영도구,부산광역시 영도구 부산국제크루즈터미널,lake/1805947.jpg
1827967,lake,노화도,#노화도,전라남도 완도군 노화읍 구석리,전라남도 완도군 노화읍 구석리 노화도,lake/1827967.jpg
1746178,lake,거창 덕천서원,"#덕천서원의봄, #벚꽃, #연못",경상남도 거창군 거창읍,경상남도 거창군 거창읍 거창 덕천서원,lake/1746178.jpg
1914044,lake,광양 섬진강,"#섬진강, #섬진강변, #전라남도광양시, #전라남도광양시",전라남도 광양시 진월면 송금리,전라남도 광양시 진월면 송금리 섬진강,lake/1914044.jpg
1137686,cultural,세계대백제전 부여군,"#2010세계대백제전, #백제문화제, #문화축제, #백제문화단지사비궁, #부여10경",충청남도 부여군,충청남도 부여군 세계대백제전 부여군,cultural/1137686.jpg
1396357,cultural,흥인지문,"#동대문, #흥인지문, #보물1호, #서울",서울특별시 종로구,서울특별시 종로구 흥인지문,cultural/1396357.jpg
2049823,cultural,망양정,"#망양정, #경상북도울진, #관동팔경, #관동8경, #정자, #해맞이광장, #해맞이공원",경상북도 울진군,경상북도 울진군 망양정,cultural/2049823.jpg
991814,cultural,경희궁 숭정전,"#경희궁, #숭정전, #품계석, #고궁",서울특별시 종로구,서울특별시 종로구 경희궁 숭정전,cultural/991814.jpg
1807463,cultural,서울대공원,#과천서울대공원,경기도 과천시,경기도 과천시 서울대공원,cultural/1807463.jpg
2477932,cultural,문헌서원,"#문헌서원, #충청남도서천군, #한산이씨종중, #드라마촬영지, #구르미그린달빛, #돌담",충청남도 서천군 기산면,충청남도 서천군 기산면 문헌서원,cultural/2477932.jpg
2050304,cultural,울진대종,"#울진대종, #경상북도울진, #대종, #종각, #해맞이공원, #해맞이광장",경상북도 울진군,경상북도 울진군 울진대종,cultural/2050304.jpg
2012576,cultural,가은오픈세트장,"#가은영상타운, #문경가은영상타운, #문경, #가은영상세트장, #가은세트장, #연개소문촬영지, #고구려세트장, #사극드라마세트장, #고구려궁",경상북도 문경시,경상북도 문경시 가은오픈세트장,cultural/2012576.jpg
1788835,cultural,온주아문및동헌,"#온주아문및동헌, #비석",충청남도 아산시,충청남도 아산시 온주아문및동헌,cultural/1788835.jpg
1850039,cultural,생초국제조각공원,"#목아전수교육관, #산청생초, #목아박찬수",경상남도 산청군,경상남도 산청군 생초국제조각공원,cultural/1850039.jpg
2048405,cultural,홍주성,"#홍주읍성, #충청남도홍성, #사적제231호, #유적지, #읍성, #홍화문, #성벽",충청남도 홍성군,충청남도 홍성군 홍주성,cultural/2048405.jpg
1850039,cultural,생초국제조각공원,"#목아전수교육관, #산청생초, #목아박찬수",경상남도 산청군,경상남도 산청군 생초국제조각공원,cultural/1850039.jpg
2050304,cultural,울진대종,"#울진대종, #경상북도울진, #대종, #종각, #해맞이공원, #해맞이광장",경상북도 울진군,경상북도 울진군 울진대종,cultural/2050304.jpg
2049608,cultural,의좋은형제공원,"#예산이성만형제효제비, #충청남도예산, #유형문화재제102호",충청남도 예산군,충청남도 예산군 의좋은형제공원,cultural/2049608.jpg
1684810,cultural,강릉 향토민속관,"#향토민속관, #박물관, #전시관",강원도 강릉시,강원도 강릉시 강릉 향토민속관,cultural/1684810.jpg
1988942,cultural,고창 신재효고택,"#고창신재효고택, #신재효, #전통한옥",전라북도 고창군,전라북도 고창군 고창 신재효고택,cultural/1988942.jpg
1137686,cultural,세계대백제전 부여군,"#2010세계대백제전, #백제문화제, #문화축제, #백제문화단지사비궁, #부여10경",충청남도 부여군,충청남도 부여군 세계대백제전 부여군,cultural/1137686.jpg
1684810,cultural,강릉 향토민속관,"#향토민속관, #박물관, #전시관",강원도 강릉시,강원도 강릉시 강릉 향토민속관,cultural/1684810.jpg
2551051,cultural,진도 남도진성,"#진도남도진성, #전라남도진도군, #사적제127호, #진도남도석성, #성곽, #산성",전라남도 진도군 임회면,전라남도 진도군 임회면 진도 남도진성,cultural/2551051.jpg
1396357,cultural,흥인지문,"#동대문, #흥인지문, #보물1호, #서울",서울특별시 종로구,서울특별시 종로구 흥인지문,cultural/1396357.jpg
1988942,cultural,고창 신재효고택,"#고창신재효고택, #신재효, #전통한옥",전라북도 고창군,전라북도 고창군 고창 신재효고택,cultural/1988942.jpg
1684810,cultural,강릉 향토민속관,"#향토민속관, #박물관, #전시관",강원도 강릉시,강원도 강릉시 강릉 향토민속관,cultural/1684810.jpg
1137686,cultural,세계대백제전 부여군,"#2010세계대백제전, #백제문화제, #문화축제, #백제문화단지사비궁, #부여10경",충청남도 부여군,충청남도 부여군 세계대백제전 부여군,cultural/1137686.jpg
2551051,cultural,진도 남도진성,"#진도남도진성, #전라남도진도군, #사적제127호, #진도남도석성, #성곽, #산성",전라남도 진도군 임회면,전라남도 진도군 임회면 진도 남도진성,cultural/2551051.jpg
1850039,cultural,생초국제조각공원,"#목아전수교육관, #산청생초, #목아박찬수",경상남도 산청군,경상남도 산청군 생초국제조각공원,cultural/1850039.jpg
2551051,cultural,진도 남도진성,"#진도남도진성, #전라남도진도군, #사적제127호, #진도남도석성, #성곽, #산성",전라남도 진도군 임회면,전라남도 진도군 임회면 진도 남도진성,cultural/2551051.jpg
1684810,cultural,강릉 향토민속관,"#향토민속관, #박물관, #전시관",강원도 강릉시,강원도 강릉시 강릉 향토민속관,cultural/1684810.jpg
1807463,cultural,서울대공원,#과천서울대공원,경기도 과천시,경기도 과천시 서울대공원,cultural/1807463.jpg
2048239,cultural,김좌진장군생가,"#김좌진장군생가지, #충청남도홍성, #김좌진장군, #충남기념물제76호, #한옥, #전통가옥",충청남도 홍성군,충청남도 홍성군 김좌진장군생가,cultural/2048239.jpg
2483379,cultural,경주표암,"#경주표암, #경상북도경주시, #박바위, #밝은바위, #유적, #한옥",경상북도 경주시 동천동,경상북도 경주시 동천동 경주표암,cultural/2483379.jpg
2551051,cultural,진도 남도진성,"#진도남도진성, #전라남도진도군, #사적제127호, #진도남도석성, #성곽, #산성",전라남도 진도군 임회면,전라남도 진도군 임회면 진도 남도진성,cultural/2551051.jpg
2048239,cultural,김좌진장군생가,"#김좌진장군생가지, #충청남도홍성, #김좌진장군, #충남기념물제76호, #한옥, #전통가옥",충청남도 홍성군,충청남도 홍성군 김좌진장군생가,cultural/2048239.jpg
1137686,cultural,세계대백제전 부여군,"#2010세계대백제전, #백제문화제, #문화축제, #백제문화단지사비궁, #부여10경",충청남도 부여군,충청남도 부여군 세계대백제전 부여군,cultural/1137686.jpg
1989684,cultural,소헌공원,"#소헌공원, #청송공원, #사적공원, #운봉관",경상북도 청송군,경상북도 청송군 소헌공원,cultural/1989684.jpg
1879977,cultural,익산 왕궁리 오층석탑,"#왕궁리오층석탑, #5층석탑, #전라북도전주시, #전라북도전주시",전라북도 익산시 왕궁면,전라북도 익산시 왕궁면 익산 왕궁리 오층석탑,cultural/1879977.jpg
990412,cultural,창덕궁 인정전,"#창덕궁야경, #인정전, #고궁, #유네스코세계문화유산",서울특별시 종로구,서울특별시 종로구 창덕궁 인정전,cultural/990412.jpg
2505929,cultural,무령왕릉,"#공주송산리고분군모형관, #충청남도공주시, #전시실, #무령왕릉널방",충청남도 공주시 웅진동,충청남도 공주시 웅진동 무령왕릉,cultural/2505929.jpg
2540295,cultural,고창읍성,"#고창읍성야경, #전라남도고창군, #사적제145호, #모양성, #석성, #성곽",전라북도 고창군 고창읍,전라북도 고창군 고창읍 고창읍성,cultural/2540295.jpg
990399,cultural,창덕궁 인정전,"#창덕궁야경, #인정전, #고궁, #유네스코세계문화유산",서울특별시 종로구,서울특별시 종로구 창덕궁 인정전,cultural/990399.jpg
975819,cultural,경복궁 근정전,"#경복궁, #고궁, #근정전어좌",서울특별시 종로구,서울특별시 종로구 경복궁 근정전,cultural/975819.jpg
1879977,cultural,익산 왕궁리 오층석탑,"#왕궁리오층석탑, #5층석탑, #전라북도전주시, #전라북도전주시",전라북도 익산시 왕궁면,전라북도 익산시 왕궁면 익산 왕궁리 오층석탑,cultural/1879977.jpg
2620360,cultural,월정교,"#월정교반영, #경상북도경주시, #월정교야경, #다리, #교량",경상북도 경주시 인왕동,경상북도 경주시 인왕동 월정교,cultural/2620360.jpg
2471973,cultural,선암사,"#선암사, #전라남도순천시, #사적제507호, #사찰, #절",전라남도 순천시 승주읍,전라남도 순천시 승주읍 선암사,cultural/2471973.jpg
2504278,cultural,표충사,"#표충사의만남, #경상북도밀양시, #절, #사찰, #배롱나무, #재약산",경상남도 밀양시 단장면,경상남도 밀양시 단장면 표충사,cultural/2504278.jpg
2620358,cultural,수원화성,"#아름다운방화수류정, #경기도수원시, #수원화성야경, #사적제3호, #유네스코세계문화유산, #유네스코세계유산, #성곽, #문화유적, #방화수류정, #동북각루, #보물제1709호, #용연, #연못",경기도 수원시 장안구,경기도 수원시 장안구 수원화성,cultural/2620358.jpg
1497534,cultural,칠불사,"#지리산칠불사, #사찰, #절, #보설루, #누각, #원음각, #범종각",경상남도 하동군,경상남도 하동군 칠불사,cultural/1497534.jpg
1879977,cultural,익산 왕궁리 오층석탑,"#왕궁리오층석탑, #5층석탑, #전라북도전주시, #전라북도전주시",전라북도 익산시 왕궁면,전라북도 익산시 왕궁면 익산 왕궁리 오층석탑,cultural/1879977.jpg
2473349,cultural,순천향교,"#순천향교, #전라남도순천시, #한옥, #기와, #대성전",전라남도 순천시,전라남도 순천시 순천향교,cultural/2473349.jpg
2049823,cultural,망양정,"#망양정, #경상북도울진, #관동팔경, #관동8경, #정자, #해맞이광장, #해맞이공원",경상북도 울진군,경상북도 울진군 망양정,cultural/2049823.jpg
1142370,cultural,영양 연당,"#영양연당마을, #한옥, #전통가옥, #가을풍경, #추경",경상북도 영양군,경상북도 영양군 영양 연당,cultural/1142370.jpg
2009148,exhibition,울돌목 해양에너지공원,"#울돌목해양에너지공원, #진도녹진관광지, #진도",전라남도 진도,전라남도 진도 울돌목 해양에너지공원,exhibition/2009148.jpg
1915904,exhibition,포항운하관,"#포항운하관, #포항운하전시관, #포항, #포항시, #경상북도포항시",경상북도 포항시,경상북도 포항시 포항운하관,exhibition/1915904.jpg
1858181,exhibition,송산공룡알화석지,"#화성공룡알화석지, #공룡, #화석",경기도 화성시 송산면 고정리,경기도 화성시 송산면 고정리 송산공룡알화석지,exhibition/1858181.jpg
1119182,exhibition,속초세관 고성지원센터,"#동해선남북출입관리사무소, #DMZ, #안보관광",강원도 고성군,강원도 고성군 속초세관 고성지원센터,exhibition/1119182.jpg
2362797,exhibition,충주고구려비전시관,"#충주고구려비전시관, #중원고구려비, #충청북도, #충주시",충청북도 충추시,충청북도 충추시 충주고구려비전시관,exhibition/2362797.jpg
1908325,exhibition,경주양동마을문화관,"#양동마을문화관, #양동마을유적전시관, #전통마을, #유네스코세계문화유산양동마을, #경상북도경주시, #경주, #경주시, #경주시전통마을",경상북도 경주시 강동면,경상북도 경주시 강동면 경주양동마을문화관,exhibition/1908325.jpg
1936251,exhibition,곡성기차마을 전통시장,"#곡성기차마을전통시장, #곡성전통시장, #기차마을전통시장, #전통시장, #전라남도곡성군, #전라남도곡성군",전라남도 곡성군,전라남도 곡성군 곡성기차마을 전통시장,exhibition/1936251.jpg
1119182,exhibition,속초세관 고성지원센터,"#동해선남북출입관리사무소, #DMZ, #안보관광",강원도 고성군,강원도 고성군 속초세관 고성지원센터,exhibition/1119182.jpg
2009148,exhibition,울돌목 해양에너지공원,"#울돌목해양에너지공원, #진도녹진관광지, #진도",전라남도 진도,전라남도 진도 울돌목 해양에너지공원,exhibition/2009148.jpg
1824002,exhibition,고석정국민관광지,"#철원철의삼각전적관, #안보관광, #전적지",강원도 철원군,강원도 철원군 고석정국민관광지,exhibition/1824002.jpg
2538960,exhibition,부산영화체험박물관,"#부산영화체험박물관, #부산광역시중구, #",부산광역시 중구 동광동,부산광역시 중구 동광동 부산영화체험박물관,exhibition/2538960.jpg
1907988,exhibition,경주버드파크,"#경주버드파크, #동궁원, #경주동궁원, #테마파크, #경주, #경주시, #경상북도경주시",경상북도 경주시,경상북도 경주시 경주버드파크,exhibition/1907988.jpg
1992899,exhibition,K-water 용담댐 물문화관,"#용담댐물문화관, #진안용담댐, #물문화관, #진안여행, #전북여행",전라북도 진안군,전라북도 진안군 K-water 용담댐 물문화관,exhibition/1992899.jpg
1827704,exhibition,여수세계박람회장,"#2012여수세계박람회, #여수엑스포",전라남도 여수시 덕충동,전라남도 여수시 덕충동 여수세계박람회장,exhibition/1827704.jpg
2007132,exhibition,꽃동네,"#꽃동네, #음성꽃동네, #천주교재단, #사회복지시설, #교황방문지, #음성, #수도원",충청북도 음성군,충청북도 음성군 꽃동네,exhibition/2007132.jpg
1915053,exhibition,거문도터미널,"#거문도항, #여수구항, #거문도여객선터미널, #전라남도여수시, #전라남도여수시",전라남도 여수시,전라남도 여수시 거문도터미널,exhibition/1915053.jpg
1941199,exhibition,구인천일본제18은행,"#인천개항장근대건축전시장, #일본18은행인천지점, #인천개항장, #근대건축물, #근대건축전시장, #인천, #인천시, #인천광역시",인천광역시,인천광역시 구인천일본제18은행,exhibition/1941199.jpg
1879994,exhibition,전주 한지박물관,"#전주한지박물관, #한지, #종이, #전라북도전주시, #전라북도전주시, #코로나휴업중",전라북도 전주시 덕진구,전라북도 전주시 덕진구 전주 한지박물관,exhibition/1879994.jpg
2007132,exhibition,꽃동네,"#꽃동네, #음성꽃동네, #천주교재단, #사회복지시설, #교황방문지, #음성, #수도원",충청북도 음성군,충청북도 음성군 꽃동네,exhibition/2007132.jpg
1925726,exhibition,장보고기념관,"#장보고기념관, #장보고, #완도기념관, #전라남도완도, #전라남도완도",전라남도 완도군,전라남도 완도군 장보고기념관,exhibition/1925726.jpg
1119182,exhibition,속초세관 고성지원센터,"#동해선남북출입관리사무소, #DMZ, #안보관광",강원도 고성군,강원도 고성군 속초세관 고성지원센터,exhibition/1119182.jpg
1824002,exhibition,고석정국민관광지,"#철원철의삼각전적관, #안보관광, #전적지",강원도 철원군,강원도 철원군 고석정국민관광지,exhibition/1824002.jpg
2538960,exhibition,부산영화체험박물관,"#부산영화체험박물관, #부산광역시중구, #",부산광역시 중구 동광동,부산광역시 중구 동광동 부산영화체험박물관,exhibition/2538960.jpg
1845586,exhibition,김녕요트투어,"#김녕요트투어, #제주, #돌고래",제주특별자치도 제주시 구좌읍,제주특별자치도 제주시 구좌읍 김녕요트투어,exhibition/1845586.jpg
2009148,exhibition,울돌목 해양에너지공원,"#울돌목해양에너지공원, #진도녹진관광지, #진도",전라남도 진도,전라남도 진도 울돌목 해양에너지공원,exhibition/2009148.jpg
1908804,exhibition,국립청소년해양센터,"#국립영덕청소년해양환경체험센터, #영덕해양체험관, #영덕, #영덕군, #경상북도영덕군",경상북도 영덕군 영덕읍,경상북도 영덕군 영덕읍 국립청소년해양센터,exhibition/1908804.jpg
1908308,exhibition,경주동궁원 동궁식물원,"#경주동궁식물원, #식물원, #동궁원, #온실, #식물, #경주시, #경주, #경상북도",경상북도 경주시,경상북도 경주시 경주동궁원 동궁식물원,exhibition/1908308.jpg
1848885,exhibition,퍼시픽리솜 마린스테이지,"#제주도, #퍼시픽랜드, #테마공원",제주특별자치도 서귀포시,제주특별자치도 서귀포시 퍼시픽리솜 마린스테이지,exhibition/1848885.jpg
1602127,exhibition,로하스파크,"#로하스파크, #리조트",강원도 평창군 용평면,강원도 평창군 용평면 로하스파크 관리동,exhibition/1602127.jpg
2007132,exhibition,음성 꽃동네,"#꽃동네, #음성꽃동네, #천주교재단, #사회복지시설, #교황방문지, #음성, #수도원",충청북도 음성군,충청북도 음성군 꽃동네,exhibition/2007132.jpg
1915053,exhibition,거문도터미널,"#거문도항, #여수구항, #거문도여객선터미널, #전라남도여수시, #전라남도여수시",전라남도 여수시,전라남도 여수시 거문도터미널,exhibition/1915053.jpg
1908308,exhibition,경주동궁원 동궁식물원,"#경주동궁식물원, #식물원, #동궁원, #온실, #식물, #경주시, #경주, #경상북도",경상북도 경주시,경상북도 경주시 경주동궁원 동궁식물원,exhibition/1908308.jpg
2573242,exhibition,담양종합체육관,"#담양종합체육관전경, #전라남도담양군, #스포츠시설, #실내체육관, #슬로시티, #드론촬영, #드론사진, #항공촬영",전라남도 담양군 담양읍,전라남도 담양군 담양읍 담양종합체육관,exhibition/2573242.jpg
2007132,exhibition,꽃동네,"#꽃동네, #음성꽃동네, #천주교재단, #사회복지시설, #교황방문지, #음성, #수도원",충청북도 음성군,충청북도 음성군 꽃동네,exhibition/2007132.jpg
1989392,exhibition,조류생태전시관,"#서천조류생태전시관, #조류생태전시관, #서천전시관, #생태전시, #철새",충청남도 서천군,충청남도 서천군 조류생태전시관,exhibition/1989392.jpg
2029226,exhibition,강정보디아크광장,"#디아크의밤, #대구, #디아크광장, #밤, #야경",대구광역시 달성군,대구광역시 달성군 강정보디아크광장,exhibition/2029226.jpg
1883445,exhibition,행담도휴게소 양방향,"#당진행담도휴게소, #오션파크리조트, #충청남도당진시, #충청남도당진시",충청남도 당진시 신평면,충청남도 당진시 신평면 행담도휴게소 양방향,exhibition/1883445.jpg
1754830,exhibition,평화전망대,#강화평화전망대,인천광역시 강화군 양사면,인천광역시 강화군 양사면 평화전망대,exhibition/1754830.jpg
2007183,exhibition,감곡성당,"#감곡매괴성모순례지성당, #음성감곡매괴성모순례지성당, #감곡성당, #매괴성당, #성당, #음성",충청북도 음성군,충청북도 음성군 감곡성당,exhibition/2007183.jpg
2563908,exhibition,디아크문화관,"#디아크의여름, #대구광역시달성군, #대구디아크문화관, #디아크야경, #디아크문화관야경, #강정보디아크, #분수",대구광역시 달성군 다사읍,대구광역시 달성군 다사읍 디아크문화관,exhibition/2563908.jpg
1732436,exhibition,대구예술발전소,"#대구예술발전소, #대구사진비엔날레, #전시회",대구광역시 중구,대구광역시 중구 대구예술발전소,exhibition/1732436.jpg
1934857,exhibition,1723,"#카페1723, #1723, #한옥마을카페, #인절미아이스크림, #전라북도전주시, #전라북도전주시, #슬로시티",전라북도 전주시,전라북도 전주시 1723,exhibition/1934857.jpg
1760676,exhibition,한국이슬람교 서울중앙성원,"#이슬람, #외국인관광객, #이슬람교서울중앙성원, #모스크, #이슬람사원",서울특별시 용산구,서울특별시 용산구 한국이슬람교 서울중앙성원,exhibition/1760676.jpg
2007183,exhibition,감곡성당,"#감곡매괴성모순례지성당, #음성감곡매괴성모순례지성당, #감곡성당, #매괴성당, #성당, #음성",충청북도 음성군,충청북도 음성군 감곡성당,exhibition/2007183.jpg
2442992,exhibition,디아크문화관,"#대구디아크, #대구광역시달성군, #강정보디아크, #디아크야경, #건축물, #분수, #디아크문화관",대구광역시 달성군 다사읍,대구광역시 달성군 다사읍 디아크문화관,exhibition/2442992.jpg
2538960,exhibition,부산영화체험박물관,"#부산영화체험박물관, #부산광역시중구, #",부산광역시 중구 동광동,부산광역시 중구 동광동 부산영화체험박물관,exhibition/2538960.jpg
1614477,exhibition,섬진강어류생태관,"#섬진강토산어류생태관, #전시관",전라남도 구례군 간전면,전라남도 구례군 간전면 섬진강어류생태관,exhibition/1614477.jpg
1835322,exhibition,강화고인돌공원,"#강화고인돌유적지, #유네스코세계문화유산",인천광역시 강화군 하점면,인천광역시 강화군 하점면 강화고인돌공원,exhibition/1835322.jpg
1565088,exhibition,오산리 선사유적박물관,"#오산리선사유적박물관, #전시관",강원도 양양군 손양면,강원도 양양군 손양면 오산리 선사유적박물관,exhibition/1565088.jpg
2573687,exhibition,전동성당,"#전동성당전경, #전라북도전주시, #사적제288호, #천주교, #가톨릭, #전주한옥마을, #전주전경, #드론촬영, #드론사진, #항공촬영, #슬로시티",전라북도 전주시 완산구,전라북도 전주시 완산구 전동성당,exhibition/2573687.jpg
2504279,monument,롯데월드타워,"#서울서울서울, #서울특별시, #롯데월드타워, #제2롯데월드, #마천루, #남산서울타워, #남산타워",서울특별시 송파구 신천동,서울특별시 송파구 신천동 롯데월드타워,monument/2504279.jpg
2563746,monument,미륵대원지,"#아름다운문화유산, #충청북도충주시, #충주미륵대원지, #사적제317호, #석상, #은하수, #별",충청북도 충주시 수안보면,충청북도 충주시 수안보면 미륵대원지,monument/2563746.jpg
2541463,monument,정림사지박물관,"#정림사지박물관, #충청남도부여군, #백제문화",충청남도 부여군 부여읍,충청남도 부여군 부여읍 정림사지박물관,monument/2541463.jpg
2506020,monument,종로타워,"#종로타워, #서울특별시종로구, #마천루, #건물, #빌딩, #종로타워야경",서울특별시 종로구 공평동,서울특별시 종로구 공평동 종로타워,monument/2506020.jpg
2705332,monument,하멜등대,"#하멜등대야경, #전라남도여수시, #무인등대, #야간관광",전라남도 여수시 종화동,전라남도 여수시 종화동 하멜등대,monument/2705332.jpg
1866183,monument,거북선전시관,"#남해거북선, #이순신",경상남도 남해군 설천면,경상남도 남해군 설천면 거북선전시관,monument/1866183.jpg
1833951,monument,강경젓갈전시관,"#논산강경젓갈전시관, #유람선, #배",충청남도 논산시 강경읍,충청남도 논산시 강경읍 강경젓갈전시관,monument/1833951.jpg
1858215,monument,송산그린시티전망대,#송산그린시티전망대,경기도 화성시 송산면 고정리,경기도 화성시 송산면 고정리 송산그린시티전망대,monument/1858215.jpg
1807161,monument,진해군항제,"#진해군항제, #이충무공추모대제, #이순신",경상남도 창원시 진해구 평안동,경상남도 창원시 진해구 평안동 진해군항제,monument/1807161.jpg
1099524,monument,승리전망대,"#승리전망대, #안보관광, #DMZ",강원도 철원군 근동면 광삼리,강원도 철원군 근동면 광삼리 승리전망대,monument/1099524.jpg
1833951,monument,강경젓갈전시관,"#논산강경젓갈전시관, #유람선, #배",충청남도 논산시 강경읍,충청남도 논산시 강경읍 강경젓갈전시관,monument/1833951.jpg
2620304,monument,익산미륵사지,"#백제의꿈, #전라북도익산시, #익산미륵사지, #유네스코세계문화유산, #유네스코세계유산, #백제역사유적지구, #익산미륵사지석탑, #국보제11호",전라북도 익산시 금마면,전라북도 익산시 금마면 익산미륵사지,monument/2620304.jpg
1801961,monument,여운형집터,#여운형집터,서울특별시 종로구,서울특별시 종로구 여운형집터,monument/1801961.jpg
1959229,monument,한국농어촌공사 새만금홍보관,"#새만금홍보관, #새만금종합홍보관, #새만금, #부안, #전라북도부안군, #전라북도부안군",전라북도 부안군,전라북도 부안군 한국농어촌공사 새만금홍보관,monument/1959229.jpg
1529730,monument,성황림,"#원주성남리의성황림, #성황림솟대공원, #숲, #치악산국립공원, #천연기념물",강원도 원주시,강원도 원주시 성황림,monument/1529730.jpg
1544620,monument,굴산사지당간지주,"#굴산사지당간지주, #보물86호, #기둥",강원도 강릉시 구정면,강원도 강릉시 구정면 굴산사지당간지주,monument/1544620.jpg
1921319,monument,구엄리 도대불,"#구엄리도대불, #등대, #제주도, #제주도구엄리",제주특별자치도 구엄리,제주특별자치도 구엄리 돌염전,monument/1921319.jpg
1228881,monument,소양강,"#소양강, #소양강처녀동상, #소양강처녀가사비",강원도 춘천시,강원도 춘천시 소양강,monument/1228881.jpg
2673832,monument,고하도 전망대,"#고하도해안데크, #전라남도목포시, #고하도해안산책로, #산책길, #트레킹, #트래킹, #걷기여행, #바다",전라남도 목포시 달동,전라남도 목포시 달동 고하도 전망대,monument/2673832.jpg
1670606,monument,익금해수욕장,"#익금해수욕장, #해변, #거금도, #단군상, #동상, #통일기원국조단군상",전라남도 고흥군 금산면,전라남도 고흥군 금산면 익금해수욕장,monument/1670606.jpg
1670606,monument,익금해수욕장,"#익금해수욕장, #해변, #거금도, #단군상, #동상, #통일기원국조단군상",전라남도 고흥군 금산면,전라남도 고흥군 금산면 익금해수욕장,monument/1670606.jpg
1858215,monument,송산그린시티전망대,#송산그린시티전망대,경기도 화성시 송산면 고정리,경기도 화성시 송산면 고정리 송산그린시티전망대,monument/1858215.jpg
1228881,monument,소양강,"#소양강, #소양강처녀동상, #소양강처녀가사비",강원도 춘천시,강원도 춘천시 소양강,monument/1228881.jpg
1800964,monument,강원국제관광 엑스포기념관,"#강원국제관광엑스포기념탑, #전망대",강원도 속초시 조양동,강원도 속초시 조양동 강원국제관광 엑스포기념관,monument/1800964.jpg
1099524,monument,승리전망대,"#승리전망대, #안보관광, #DMZ",강원도 철원군 근동면 광삼리,강원도 철원군 근동면 광삼리 승리전망대,monument/1099524.jpg
1842622,monument,낙산사,"#해수관음불상, #낙산사, #양양",강원도 양양군 강현면,강원도 양양군 강현면 낙산사,monument/1842622.jpg
1670606,monument,익금해수욕장,"#익금해수욕장, #해변, #거금도, #단군상, #동상, #통일기원국조단군상",전라남도 고흥군 금산면,전라남도 고흥군 금산면 익금해수욕장,monument/1670606.jpg
1940572,monument,송도센트럴파크,"#송도센트럴공원, #송도센트럴파크, #센트럴파크, #송도, #송도신도시, #송도공원, #인천시, #인천광역시",인천광역시,인천광역시 송도센트럴파크,monument/1940572.jpg
1992935,monument,용담댐조각공원,"#용담댐환경조각공원, #환경조각공원, #조각공원, #환경작품, #환경조각, #진안여행, #전북여행",전라북도 진안군,전라북도 진안군 용담댐조각공원,monument/1992935.jpg
1848943,monument,조천만세동산,"#제주도, #조천만세동산성역화공원, #항일기념관",제주특별자치도 제주시 조천읍,제주특별자치도 제주시 조천읍 조천만세동산,monument/1848943.jpg
2620304,monument,익산미륵사지,"#백제의꿈, #전라북도익산시, #익산미륵사지, #유네스코세계문화유산, #유네스코세계유산, #백제역사유적지구, #익산미륵사지석탑, #국보제11호",전라북도 익산시 금마면,전라북도 익산시 금마면 익산미륵사지,monument/2620304.jpg
1833951,monument,강경젓갈전시관,"#논산강경젓갈전시관, #유람선, #배",충청남도 논산시 강경읍,충청남도 논산시 강경읍 강경젓갈전시관,monument/1833951.jpg
1925644,monument,장보고 유적관리사업소 장보고동상,"#장보고동상, #장보고유적지, #장보고동상공원, #장보고, #전라남도완도, #전라남도완도",전라남도 완도군,전라남도 완도군 장보고 유적관리사업소 장보고동상,monument/1925644.jpg
1959229,monument,한국농어촌공사 새만금홍보관,"#새만금홍보관, #새만금종합홍보관, #새만금, #부안, #전라북도부안군, #전라북도부안군",전라북도 부안군,전라북도 부안군 한국농어촌공사 새만금홍보관,monument/1959229.jpg
1621317,monument,한국이슬람교 전주성원,"#한국이슬람교중앙회, #전주성원, #이슬람사원, #건축물",전라북도 전주시 덕진구,전라북도 전주시 덕진구 한국이슬람교 전주성원,monument/1621317.jpg
2029179,monument,승암산,"#도시의주인, #전라북도, #전주, #승암산, #치명자산, #전주전경, #일몰, #노을, #부처상, #성지",전라북도 전주시,전라북도 전주시 승암산,monument/2029179.jpg
2620304,monument,익산미륵사지,"#백제의꿈, #전라북도익산시, #익산미륵사지, #유네스코세계문화유산, #유네스코세계유산, #백제역사유적지구, #익산미륵사지석탑, #국보제11호",전라북도 익산시 금마면,전라북도 익산시 금마면 익산미륵사지,monument/2620304.jpg
1971231,monument,신세계백화점 센텀시티점 백화점,"#센텀시티, #부산센텀시티, #신세계센텀시티, #부산신세계, #부산, #부산시, #부산광역시",부산광역시,부산광역시 신세계백화점 센텀시티점 백화점,monument/1971231.jpg
1621317,monument,한국이슬람교 전주성원,"#한국이슬람교중앙회, #전주성원, #이슬람사원, #건축물",전라북도 전주시 덕진구,전라북도 전주시 덕진구 한국이슬람교 전주성원,monument/1621317.jpg
2029255,monument,제주돌문화공원,"#제주의황혼, #제주도, #돌문화공원, #돌하르방, #일몰, #노을",제주특별자치도 제주시,제주특별자치도 제주시 제주돌문화공원,monument/2029255.jpg
1842622,monument,낙산사,"#해수관음불상, #낙산사, #양양",강원도 양양군 강현면,강원도 양양군 강현면 낙산사,monument/1842622.jpg
1099524,monument,승리전망대,"#승리전망대, #안보관광, #DMZ",강원도 철원군 근동면 광삼리,강원도 철원군 근동면 광삼리 승리전망대,monument/1099524.jpg
1800964,monument,강원국제관광 엑스포기념관,"#강원국제관광엑스포기념탑, #전망대",강원도 속초시 조양동,강원도 속초시 조양동 강원국제관광 엑스포기념관,monument/1800964.jpg
1858215,monument,송산그린시티전망대,#송산그린시티전망대,경기도 화성시 송산면 고정리,경기도 화성시 송산면 고정리 송산그린시티전망대,monument/1858215.jpg
2006884,monument,해미순교성지,"#해미순교성지, #해미성지, #천주교순교성지, #순교유적, #순례지, #교황방문지, #여숫골, #서산, #대성당",충청남도 서산,충청남도 서산 해미순교성지,monument/2006884.jpg
1971231,monument,신세계백화점 센텀시티점 백화점,"#센텀시티, #부산센텀시티, #신세계센텀시티, #부산신세계, #부산, #부산시, #부산광역시",부산광역시,부산광역시 신세계백화점 센텀시티점 백화점,monument/1971231.jpg
1845739,monument,신비의도로,"#도깨비도로, #제주, #신비의도로",제주특별자치도 제주시 노형동,제주특별자치도 제주시 노형동 신비의도로,monument/1845739.jpg
1621317,monument,한국이슬람교 전주성원,"#한국이슬람교중앙회, #전주성원, #이슬람사원, #건축물",전라북도 전주시 덕진구,전라북도 전주시 덕진구 한국이슬람교 전주성원,monument/1621317.jpg
1866183,monument,거북선전시관,"#남해거북선, #이순신",경상남도 남해군 설천면,경상남도 남해군 설천면 거북선전시관,monument/1866183.jpg
1228881,monument,소양강,"#소양강, #소양강처녀동상, #소양강처녀가사비",강원도 춘천시,강원도 춘천시 소양강,monument/1228881.jpg
2505795,landscape,롯데월드타워,"#롯데월드타워, #서울특별시송파구, #제2롯데월드, #마천루, #석촌호수, #롯데월드타워야경",서울특별시 송파구 신천동,서울특별시 송파구 신천동 롯데월드타워,landscape/2505795.jpg
2541328,landscape,인천대교,"#인천대교야경, #인천광역시, #교통시설, #다리, #도로, #서해바다",인천광역시,인천광역시 인천대교,landscape/2541328.jpg
2531044,landscape,백사장항,"#백사장포구야경, #충청남도태안군, #백사장항야경, #서해바다, #어항, #항구, #어선, #해상인도교, #대하랑꽃게랑육교",충청남도 태안군 안면읍,충청남도 태안군 안면읍 백사장항,landscape/2531044.jpg
2704900,landscape,새연교,"#새연교야경, #제주특별자치도서귀포시, #새섬새연교야경, #보도교, #제주전경, #제주도전경, #드론촬영, #드론사진, #항공촬영",제주특별자치도 서귀포시 서홍동,제주특별자치도 서귀포시 서홍동 새연교,landscape/2704900.jpg
2761008,landscape,내소사,"#산사의봄, #전라북도부안군, #내소사, #절, #사찰, #종교, #불교",전라북도 부안군 진서면,전라북도 부안군 진서면 내소사,landscape/2761008.jpg
2506048,landscape,청계천,"#청계천야경, #서울특별시종로구, #하천, #도시풍경, #등불",서울특별시 종로구,서울특별시 종로구 청계천,landscape/2506048.jpg
2704900,landscape,새연교,"#새연교야경, #제주특별자치도서귀포시, #새섬새연교야경, #보도교, #제주전경, #제주도전경, #드론촬영, #드론사진, #항공촬영",제주특별자치도 서귀포시 서홍동,제주특별자치도 서귀포시 서홍동 새연교,landscape/2704900.jpg
2538882,landscape,누리마루 APEC하우스,"#누리마루APEC하우스야경, #부산광역시해운대구, #APEC정상회담회의장, #정상회의장, #광안대교야경, #누리마루야경",부산광역시 해운대구 우동,부산광역시 해운대구 우동 누리마루 APEC하우스,landscape/2538882.jpg
1414201,landscape,동궁과월지,"#안압지노을, #유네스코세계문화유산, #야경",경상북도 경주시,경상북도 경주시 동궁과월지,landscape/1414201.jpg
1910834,landscape,통영대교,"#통영대교, #통영야경, #경상남도통영시, #경상남도통영시",경상남도 통영시 미수동,경상남도 통영시 미수동 통영대교,landscape/1910834.jpg
2504273,landscape,유두교,"#그섬으로가는길…, #충청남도서산시, #웅도바다갈라짐, #웅도유두교, #다리, #밀물",충청남도 서산시 대산읍,충청남도 서산시 대산읍 유두교,landscape/2504273.jpg
1914668,landscape,이순신대교,"#여수이순신대교, #이순신대교, #전라남도여수시, #전라남도여수시",전라남도 여수시 묘도동,전라남도 여수시 묘도동 이순신대교,landscape/1914668.jpg
1849023,landscape,한국에너지기술연구원 제주글로벌연구센터,"#제주도, #한국에너지기술연구원",제주특별자치도 제주시 구좌읍,제주특별자치도 제주시 구좌읍 한국에너지기술연구원 제주글로벌연구센터,landscape/1849023.jpg
2550548,landscape,반포한강공원,"#한강시민공원반포지구(반포한강공원), #서울특별시, #반포한강시민공원, #소풍, #피크닉, #텐트",서울특별시,서울특별시 반포한강공원,landscape/2550548.jpg
2669646,landscape,해운대,"#해운대마천루, #부산광역시, #해운대마린시티, #부산전경",부산광역시,부산광역시 해운대,landscape/2669646.jpg
2504310,landscape,한강,"#세상을여는빛, #서울특별시, #서울야경, #서울전경, #일출",서울특별시,서울특별시 한강,landscape/2504310.jpg
2658338,landscape,난지한강공원,"#한강시민공원난지지구야경, #서울특별시마포구, #난지한강공원야경, #야간관광",서울특별시 마포구,서울특별시 마포구 난지한강공원,landscape/2658338.jpg
1439169,landscape,서울월드컵경기장,"#서울월드컵경기장, #가을, #추경, #도시",서울특별시 마포구,서울특별시 마포구 서울월드컵경기장,landscape/1439169.jpg
1960288,landscape,광안대교,"#광안대교, #부산광안대교, #광안대교야경, #부산, #부산시, #부산광역시",부산광역시,부산광역시 광안대교,landscape/1960288.jpg
2563770,landscape,낙안읍성,"#감나무잎피어나는낙안읍성, #전라남도순천시, #낙안읍성민속마을야경, #낙안읍성야경, #사적제302호, #낙안민속마을야경, #전통마을, #초가집",전라남도 순천시 낙안면,전라남도 순천시 낙안면 낙안읍성,landscape/2563770.jpg
2505795,landscape,롯데월드타워,"#롯데월드타워, #서울특별시송파구, #제2롯데월드, #마천루, #석촌호수, #롯데월드타워야경",서울특별시 송파구 신천동,서울특별시 송파구 신천동 롯데월드타워,landscape/2505795.jpg
2704900,landscape,새연교,"#새연교야경, #제주특별자치도서귀포시, #새섬새연교야경, #보도교, #제주전경, #제주도전경, #드론촬영, #드론사진, #항공촬영",제주특별자치도 서귀포시 서홍동,제주특별자치도 서귀포시 서홍동 새연교,landscape/2704900.jpg
2707480,landscape,엑스포 다리,"#엑스포다리, #대전광역시유성구, #대전엑스포다리야경",대전광역시 유성구 도룡동,대전광역시 유성구 도룡동 엑스포 다리,landscape/2707480.jpg
1910834,landscape,통영대교,"#통영대교, #통영야경, #경상남도통영시, #경상남도통영시",경상남도 통영시 미수동,경상남도 통영시 미수동 통영대교,landscape/1910834.jpg
1414201,landscape,동궁과월지,"#안압지노을, #유네스코세계문화유산, #야경",경상북도 경주시,경상북도 경주시 동궁과월지,landscape/1414201.jpg
1914668,landscape,이순신대교,"#여수이순신대교, #이순신대교, #전라남도여수시, #전라남도여수시",전라남도 여수시 묘도동,전라남도 여수시 묘도동 이순신대교,landscape/1914668.jpg
2504310,landscape,한강,"#세상을여는빛, #서울특별시, #서울야경, #서울전경, #일출",서울특별시,서울특별시 한강,landscape/2504310.jpg
2504273,landscape,유두교,"#그섬으로가는길…, #충청남도서산시, #웅도바다갈라짐, #웅도유두교, #다리, #밀물",충청남도 서산시 대산읍,충청남도 서산시 대산읍 유두교,landscape/2504273.jpg
1439862,landscape,평화의 공원,"#평화의공원, #월드컵공원, #성산대교, #한강, #서울, #도시",서울특별시 마포구,서울특별시 마포구 평화의 공원,landscape/1439862.jpg
2563918,landscape,소래포구,"#소래포구, #인천광역시남동구, #소래포구일몰, #석양, #항구, #인천전경",인천광역시 남동구 장도로,인천광역시 남동구 장도로 소래포구,landscape/2563918.jpg
2504239,landscape,웅도,"#웅도의바닷길, #충청남도서산시, #웅도바다갈라짐, #웅도유두교, #웅도야경, #다리, #밀물",충청남도 서산시 대산읍,충청남도 서산시 대산읍 웅도,landscape/2504239.jpg
2563881,landscape,묵호항,"#아름다운묵호항의밤, #강원도동해시, #항구, #묵호등대야경, #논골담길야경, #등대담화마을, #동해전경, #동해바다",강원도 동해시 묵호진동,강원도 동해시 묵호진동 묵호항,landscape/2563881.jpg
2503144,landscape,흥인지문,"#흥인지문(동대문), #서울특별시종로구, #보물제1호, #흥인지문야경, #동대문야경, #성문, #서울성곽, #도성, #서울전경, #두산타워",서울특별시 종로구,서울특별시 종로구 흥인지문,landscape/2503144.jpg
2350416,landscape,초지진,"#초지진, #인천, #강화, #유적지, #전적지, #요새, #사적제225호",인천광역시 강화군,인천광역시 강화군 초지진,landscape/2350416.jpg
2504249,landscape,설악산 국립공원,"#설국으로가는길, #강원도고성군, #설악산국립공원, #설악산전경, #겨울, #설경, #눈",강원도 고성군,강원도 고성군 설악산 국립공원,landscape/2504249.jpg
2538882,landscape,누리마루 APEC하우스,"#누리마루APEC하우스야경, #부산광역시해운대구, #APEC정상회담회의장, #정상회의장, #광안대교야경, #누리마루야경",부산광역시 해운대구 우동,부산광역시 해운대구 우동 누리마루 APEC하우스,landscape/2538882.jpg
2504311,landscape,안동하회마을,"#만송정줄불놀이, #경상북도안동시, #안동하회마을, #선유줄불놀이, #낙화놀이",경상북도 안동시 풍천면,경상북도 안동시 풍천면 안동하회마을,landscape/2504311.jpg
2506048,landscape,청계천,"#청계천야경, #서울특별시종로구, #하천, #도시풍경, #등불",서울특별시 종로구,서울특별시 종로구 청계천,landscape/2506048.jpg
2704900,landscape,새연교,"#새연교야경, #제주특별자치도서귀포시, #새섬새연교야경, #보도교, #제주전경, #제주도전경, #드론촬영, #드론사진, #항공촬영",제주특별자치도 서귀포시 서홍동,제주특별자치도 서귀포시 서홍동 새연교,landscape/2704900.jpg
2504277,landscape,서울세계불꽃축제,"#화려한서울의밤, #서울특별시, #한강, #서울세계불꽃축제, #불꽃놀이, #서울야경, #서울전경",서울특별시,서울특별시 서울세계불꽃축제,landscape/2504277.jpg
2505795,landscape,롯데월드타워,"#롯데월드타워, #서울특별시송파구, #제2롯데월드, #마천루, #석촌호수, #롯데월드타워야경",서울특별시 송파구 신천동,서울특별시 송파구 신천동 롯데월드타워,landscape/2505795.jpg
2704900,landscape,새연교,"#새연교야경, #제주특별자치도서귀포시, #새섬새연교야경, #보도교, #제주전경, #제주도전경, #드론촬영, #드론사진, #항공촬영",제주특별자치도 서귀포시 서홍동,제주특별자치도 서귀포시 서홍동 새연교,landscape/2704900.jpg
2541328,landscape,인천대교,"#인천대교야경, #인천광역시, #교통시설, #다리, #도로, #서해바다",인천광역시,인천광역시 인천대교,landscape/2541328.jpg
1414201,landscape,동궁과월지,"#안압지노을, #유네스코세계문화유산, #야경",경상북도 경주시,경상북도 경주시 동궁과월지,landscape/1414201.jpg
2538882,landscape,누리마루 APEC하우스,"#누리마루APEC하우스야경, #부산광역시해운대구, #APEC정상회담회의장, #정상회의장, #광안대교야경, #누리마루야경",부산광역시 해운대구 우동,부산광역시 해운대구 우동 누리마루 APEC하우스,landscape/2538882.jpg
1961682,landscape,통도사,"#통도사야경, #통도사, #사찰, #양산, #경상산도양산시, #경상남도양산시",경상남도 양산시,경상남도 양산시 통도사,landscape/1961682.jpg
2541328,landscape,인천대교,"#인천대교야경, #인천광역시, #교통시설, #다리, #도로, #서해바다",인천광역시,인천광역시 인천대교,landscape/2541328.jpg
2704900,landscape,새연교,"#새연교야경, #제주특별자치도서귀포시, #새섬새연교야경, #보도교, #제주전경, #제주도전경, #드론촬영, #드론사진, #항공촬영",제주특별자치도 서귀포시 서홍동,제주특별자치도 서귀포시 서홍동 새연교,landscape/2704900.jpg
2761008,landscape,내소사,"#산사의봄, #전라북도부안군, #내소사, #절, #사찰, #종교, #불교",전라북도 부안군 진서면,전라북도 부안군 진서면 내소사,landscape/2761008.jpg
2760720,landscape,법주사,"#법주사의가을, #충청북도보은군, #법주사전경, #법주사야경, #유네스코세계문화유산, #유네스코세계유산, #산사, #한국의산지승원, #절, #사찰, #불교, #종교, #속리산, #추경, #단풍",충청북도 보은군 속리산면,충청북도 보은군 속리산면 법주사,landscape/2760720.jpg
